CustomerID,Zip Code,Latitude,Longitude,Gender,Senior Citizen,Partner,Dependents,Tenure Months,Phone Service,Multiple Lines,Online Security,Online Backup,Device Protection,Tech Support,Streaming TV,Streaming Movies,Paperless Billing,Monthly Charges,Total Charges,Contract_One year,Contract_Two year,Payment_Method_Credit card (automatic),Payment_Method_Electronic check,Payment_Method_Mailed check,P No Churn,P Churn
7590-VHVEG,90001,33.973616,-118.24902,0,0,1,0,1,0,0,0,1,0,0,0,0,1,29.85,29.85,0,0,0,1,0,0.18851185418028385,0.8114881458197164
5575-GNVDE,90002,33.949255,-118.246978,1,0,0,0,34,1,0,1,0,1,0,0,0,0,56.95,1889.5,1,0,0,0,1,0.9129723369976754,0.08702766300232465
7795-CFOCW,90004,34.076259,-118.310715,1,0,0,0,45,0,0,1,0,1,1,0,0,0,42.3,1840.75,1,0,0,0,0,0.9107289420899288,0.08927105791007113
1452-KIOVK,90007,34.027337,-118.28515,1,0,0,1,22,1,1,0,1,0,0,1,0,1,89.1,1949.4,0,0,1,0,0,0.5645969077490547,0.4354030922509453
6713-OKOMC,90008,34.008293,-118.346766,0,0,0,0,10,0,0,1,0,0,0,0,0,0,29.75,301.9,0,0,0,0,1,0.5716964818529737,0.42830351814702616
6388-TABGU,90011,34.00709,-118.258681,1,0,0,0,62,1,0,1,1,0,0,0,0,0,56.15,3487.95,1,0,0,0,0,0.9759665661655939,0.024033433834406107
9763-GRSKD,90012,34.065875,-118.238728,1,0,1,1,13,1,0,1,0,0,0,0,0,1,49.95,587.45,0,0,0,0,1,0.6717972758635125,0.32820272413648754
7469-LKBCI,90013,34.044639,-118.240413,1,0,0,0,16,1,0,0,0,0,0,0,0,0,18.95,326.8,0,1,1,0,0,0.9136438079788831,0.08635619202111683
8091-TTVAX,90014,34.043144,-118.251977,1,0,1,0,58,1,1,0,0,1,0,1,1,0,100.35,5681.1,1,0,1,0,0,0.7697127460900954,0.23028725390990448
5129-JLPIS,90016,34.028331,-118.354338,1,0,0,0,25,1,0,1,0,1,1,1,1,1,105.5,2686.05,0,0,0,1,0,0.40431778069326557,0.5956822193067345
3655-SNQYZ,90017,34.052842,-118.264495,0,0,1,0,69,1,1,1,1,1,1,1,1,0,113.25,7895.15,0,1,1,0,0,0.8417785465396972,0.15822145346030272
8191-XWSZG,90018,34.028735,-118.317236,0,0,0,0,52,1,0,0,0,0,0,0,0,0,20.65,1022.95,1,0,0,0,1,0.945234609965693,0.05476539003430697
9959-WOFKT,90019,34.049841,-118.33846,1,0,0,0,71,1,1,1,0,1,0,1,1,0,106.7,7382.25,0,1,0,0,0,0.7619599509312504,0.23804004906875
4183-MYFRB,90021,34.029043,-118.239504,0,0,0,0,21,1,0,0,1,1,0,0,1,1,90.05,1862.9,0,0,0,1,0,0.26499379304785653,0.7350062069521435
1680-VDCWW,90023,34.017697,-118.200577,1,0,1,0,12,1,0,0,0,0,0,0,0,0,19.8,202.25,1,0,0,0,0,0.8451391116792347,0.1548608883207654
3638-WEABW,90025,34.046174,-118.446333,0,0,1,0,58,1,1,0,1,0,1,0,0,1,59.9,3505.1,0,1,1,0,0,0.9481343755623546,0.05186562443764557
6322-HRPFA,90026,34.078991,-118.263804,1,0,1,1,49,1,0,1,1,0,1,0,0,0,59.6,2970.3,0,0,1,0,0,0.8021357066372607,0.19786429336273922
6865-JZNKO,90027,34.127194,-118.295647,0,0,0,0,30,1,0,1,1,0,0,0,0,1,55.3,1530.6,0,0,0,0,0,0.7269152844886861,0.27308471551131386
5248-YGIJN,90031,34.085807,-118.206617,1,0,1,0,72,1,1,1,1,1,1,1,1,1,90.25,6369.45,0,1,1,0,0,0.9842015239871329,0.015798476012867147
3841-NFECX,90033,34.050198,-118.210946,0,1,1,0,71,1,1,1,1,1,1,0,0,1,96.35,6766.95,0,1,1,0,0,0.9022679437461022,0.0977320562538978
4929-XIHVW,90034,34.030578,-118.399613,1,1,1,0,2,1,0,0,0,1,0,1,1,1,95.5,181.65,0,0,1,0,0,0.17710318211431555,0.8228968178856846
6827-IEAUQ,90035,34.051809,-118.383843,0,0,1,0,27,1,0,1,1,1,1,0,0,0,66.15,1874.45,1,0,0,0,1,0.9007156638761643,0.09928433612383569
7310-EGVHZ,90036,34.070291,-118.349191,1,0,0,0,1,1,0,0,0,0,0,0,0,0,20.2,20.2,0,0,0,0,0,0.46830513581752725,0.5316948641824728
3413-BMNZE,90037,34.002642,-118.287596,1,1,0,0,1,1,0,0,0,0,0,0,0,0,45.25,45.25,0,0,0,0,0,0.2505023288720746,0.7494976711279254
6234-RAAPL,90038,34.088017,-118.327168,0,0,1,0,72,1,1,1,1,0,1,1,0,0,99.9,7251.7,0,1,0,0,0,0.9235486617502672,0.07645133824973324
6572-ADKRS,90040,33.994524,-118.149953,0,0,0,0,46,1,0,0,0,1,0,0,0,1,74.8,3548.3,0,0,1,0,0,0.5262628807354919,0.4737371192645082
8865-TNMNX,90043,33.988543,-118.334081,1,0,1,0,10,1,0,0,1,0,0,0,0,0,49.55,475.7,1,0,0,0,1,0.8579393101469661,0.14206068985303383
9489-DEDVP,90044,33.952714,-118.292061,0,0,1,0,70,1,1,1,1,0,0,1,0,1,69.2,4872.35,0,1,1,0,0,0.9331231408791494,0.06687685912085087
9867-JCZSP,90045,33.954017,-118.402447,0,0,1,0,17,1,0,0,0,0,0,0,0,0,20.75,418.25,1,0,0,0,1,0.9133876078823394,0.08661239211766082
4671-VJLCL,90046,34.108455,-118.362081,0,0,0,0,63,1,1,1,1,1,1,1,0,1,79.85,4861.45,0,1,1,0,0,0.932155853488708,0.06784414651129218
4080-IIARD,90047,33.958149,-118.308441,0,0,1,0,13,1,1,1,1,0,1,1,0,1,76.2,981.45,0,0,0,1,0,0.4245337445797485,0.5754662554202515
3714-NTNFO,90048,34.072945,-118.37267,0,0,0,0,49,1,1,0,0,0,0,0,1,1,84.5,3906.7,0,0,0,1,0,0.32505435193497745,0.674945648065023
5948-UJZLF,90049,34.091829,-118.491244,1,0,0,0,2,1,0,0,1,0,0,0,0,0,49.25,97.0,0,0,0,0,1,0.2976552110814394,0.7023447889185609
7639-LIAYI,90057,34.061918,-118.277939,1,0,0,0,52,1,1,1,0,0,1,1,1,1,79.75,4217.8,0,1,1,0,0,0.977197912247064,0.022802087752935997
2954-PIBKO,90058,34.001617,-118.222274,0,0,1,0,69,1,1,1,0,1,1,0,0,1,64.15,4254.1,0,1,1,0,0,0.9557959859913363,0.044204014008663854
8012-SOUDQ,90059,33.927254,-118.249826,0,1,0,0,43,1,1,0,1,0,0,1,0,1,90.25,3838.75,0,0,0,1,0,0.3286456025324689,0.6713543974675313
6575-SUVOI,90062,34.003553,-118.308933,0,1,1,0,25,1,1,1,0,0,1,1,0,1,69.5,1752.65,0,0,1,0,0,0.7696273915500598,0.2303726084499401
4667-QONEA,90064,34.037251,-118.423573,0,1,1,0,60,1,0,1,1,1,1,0,1,1,74.85,4456.35,1,0,1,0,0,0.8453893626289729,0.15461063737102707
8769-KKTPH,90066,34.002028,-118.430656,0,0,1,0,63,1,1,1,0,0,0,1,1,1,99.65,6311.2,1,0,1,0,0,0.8310377156043023,0.16896228439569774
5067-XJQFU,90067,34.057496,-118.413959,1,1,1,0,66,1,1,0,1,1,1,1,1,1,108.45,7076.35,1,0,0,1,0,0.8230134129092845,0.1769865870907154
3957-SQXML,90068,34.137411,-118.328915,0,0,1,0,34,1,1,0,0,0,0,0,0,0,24.95,894.3,0,1,1,0,0,0.9384850784637122,0.06151492153628812
5954-BDFSG,90069,34.093781,-118.381061,0,0,0,0,72,1,1,0,0,1,1,1,1,1,107.5,7853.7,0,1,1,0,0,0.9571453451091436,0.04285465489085632
0434-CSFON,90071,34.052917,-118.255178,0,0,1,0,47,1,1,0,0,1,0,1,1,1,100.5,4707.1,0,0,0,1,0,0.2822583480791115,0.7177416519208886
1215-FIGMP,90077,34.102084,-118.451629,1,0,0,0,60,1,1,0,1,0,0,1,0,1,89.9,5450.7,0,0,0,0,0,0.6146319651788926,0.3853680348211075
0526-SXDJP,90201,33.970343,-118.171368,1,0,1,0,72,0,0,1,1,1,0,0,0,0,42.1,2962.0,0,1,0,0,0,0.9654183003128979,0.0345816996871022
0557-ASKVU,90210,34.099891,-118.414338,0,0,1,0,18,1,0,0,0,1,1,0,0,1,54.4,957.1,1,0,1,0,0,0.8443631514543788,0.15563684854562118
5122-CYFXA,90212,34.062095,-118.401508,0,0,0,0,3,1,0,0,1,0,1,1,1,1,75.3,244.1,0,0,0,1,0,0.17843015021137124,0.8215698497886291
8627-ZYGSZ,90220,33.88151,-118.234451,1,0,1,0,47,1,1,0,1,0,0,0,0,1,78.9,3650.35,1,0,0,1,0,0.7912667352809679,0.20873326471903184
3410-YOQBQ,90221,33.885811,-118.206459,0,0,0,0,31,1,0,0,1,1,1,1,1,0,79.2,2497.2,0,1,0,0,1,0.9495387911933341,0.05046120880666599
3170-NMYVV,90222,33.912246,-118.236773,0,0,1,0,50,1,0,0,0,0,0,0,0,0,20.15,930.9,0,1,0,0,0,0.9910694242445877,0.008930575755412375
7410-OIEDU,90230,33.993991,-118.39704,1,0,0,0,10,1,0,1,0,1,0,0,0,1,79.85,887.35,0,0,0,0,1,0.38393989152824565,0.6160601084717543
2273-QCKXA,90232,34.019323,-118.391902,1,0,0,0,1,1,0,0,0,0,1,0,0,0,49.05,49.05,0,0,0,0,1,0.28630674043072024,0.71369325956928
0731-EBJQB,90240,33.956228,-118.120993,0,0,1,0,52,1,0,0,0,0,0,0,0,1,20.4,1090.65,1,0,0,1,0,0.8784209674743463,0.12157903252565365
1891-QRQSA,90241,33.940884,-118.128628,1,1,1,0,64,1,1,1,0,1,1,1,1,1,111.6,7099.0,0,1,0,0,0,0.6841409438519149,0.3158590561480851
8028-PNXHQ,90242,33.921793,-118.140588,1,0,1,0,62,1,1,0,0,0,0,0,0,1,24.25,1424.6,0,1,0,0,0,0.9905027873089811,0.009497212691018964
5630-AHZIL,90245,33.917145,-118.401554,0,0,0,1,3,1,0,1,0,0,1,0,1,1,64.5,177.4,0,0,0,0,0,0.32436499141803543,0.6756350085819649
2673-CXQEU,90247,33.890853,-118.297967,0,1,0,0,56,1,1,1,1,1,0,1,1,0,110.5,6139.5,1,0,0,1,0,0.8239807527214867,0.1760192472785132
6416-JNVRK,90248,33.876482,-118.284077,0,0,0,0,46,1,0,0,0,0,0,0,1,0,55.65,2688.85,1,0,1,0,0,0.8240152351686727,0.17598476483132702
5590-ZSKRV,90249,33.90139,-118.315697,0,0,1,1,8,1,0,1,1,0,0,0,0,0,54.65,482.25,0,0,0,0,1,0.6879134657062808,0.31208653429371924
0191-ZHSKZ,90250,33.914775,-118.348083,1,1,0,0,30,1,0,1,1,0,0,1,1,1,74.75,2111.3,0,0,0,1,0,0.48820517311292605,0.5117948268870741
3887-PBQAO,90254,33.86532,-118.396336,0,0,1,0,45,1,1,0,0,0,0,0,0,1,25.9,1216.6,1,0,1,0,0,0.920921176718401,0.07907882328159858
8108-UXRQN,90260,33.88856,-118.351813,0,0,1,1,11,0,0,1,0,0,0,1,1,0,50.55,565.35,0,0,0,1,0,0.6127189991948562,0.3872810008051437
9919-YLNNG,90263,34.037037,-118.705803,0,0,0,0,42,1,0,0,1,1,1,1,1,1,103.8,4327.5,0,0,0,0,0,0.4090747225257192,0.5909252774742808
0318-ZOPWS,90265,34.074572,-118.831181,0,0,1,0,49,1,0,0,0,0,0,0,0,1,20.15,973.35,0,1,0,0,0,0.989717727138231,0.010282272861769092
4445-ZJNMU,90266,33.889632,-118.39737,1,0,0,0,9,1,1,0,1,0,0,1,1,1,99.3,918.75,0,0,1,0,0,0.1462170203176015,0.8537829796823989
4808-YNLEU,90270,33.988572,-118.186565,0,0,1,0,35,1,0,1,0,0,0,1,0,1,62.15,2215.45,1,0,0,0,0,0.8932778037400092,0.10672219625999083
1862-QRWPE,90272,34.079449,-118.548306,0,0,1,0,48,1,0,0,0,0,0,0,0,0,20.65,1057.0,0,1,0,0,0,0.9632723198068919,0.03672768019310829
2796-NNUFI,90274,33.788208,-118.404955,0,0,1,0,46,1,0,0,0,0,0,0,0,1,19.95,927.1,0,1,0,0,1,0.9917783500946373,0.008221649905362895
3016-KSVCP,90275,33.753146,-118.367459,1,0,1,0,29,0,0,0,0,0,0,1,0,0,33.75,1009.25,0,0,0,0,1,0.6769794573283889,0.32302054267161134
4767-HZZHQ,90277,33.830453,-118.384565,1,0,1,1,30,1,0,0,1,1,0,0,0,0,82.05,2570.2,0,0,0,0,0,0.70374729354538,0.29625270645461993
2424-WVHPL,90278,33.873395,-118.37019,1,1,0,0,1,1,0,0,0,0,1,0,0,0,74.7,74.7,0,0,0,1,0,0.14076038351815634,0.8592396164818438
7233-PAHHL,90280,33.944624,-118.192615,1,0,1,0,66,1,1,1,0,1,1,1,1,1,84.0,5714.25,0,1,0,0,1,0.966859028240802,0.0331409717591979
6067-NGCEU,90290,34.115192,-118.61017,0,0,0,0,65,1,1,1,1,1,0,1,1,1,111.05,7107.0,0,0,1,0,0,0.6450854473073214,0.3549145526926785
9848-JQJTX,90291,33.991782,-118.479229,1,0,0,0,72,1,1,0,1,1,0,1,1,1,100.9,7459.05,0,1,0,0,0,0.9187365807602886,0.08126341923971152
9803-FTJCG,90293,33.947305,-118.439841,1,0,1,0,71,1,1,1,1,0,1,0,0,1,66.85,4748.7,1,0,1,0,0,0.9529398686189496,0.04706013138105036
3212-KXOCR,90302,33.975332,-118.355252,1,0,0,0,52,1,0,0,0,0,0,0,0,0,21.0,1107.2,0,1,0,0,0,0.9691707357908116,0.030829264209188446
6380-ARCEH,90304,33.936827,-118.359824,1,0,0,0,1,1,0,0,0,0,0,0,0,0,20.2,20.2,0,0,0,0,1,0.4860099033884592,0.5139900966115408
3679-XASPY,90305,33.958134,-118.330905,0,0,1,1,1,1,0,0,0,0,0,0,0,0,19.45,19.45,0,0,0,1,0,0.5495897979893822,0.45041020201061777
7123-WQUHX,90401,34.015481,-118.493231,1,0,0,0,38,1,1,0,0,1,1,1,0,0,95.0,3605.6,1,0,0,0,0,0.8366569343069566,0.16334306569304316
5386-THSLQ,90402,34.035849,-118.503508,0,1,1,0,66,0,0,0,1,1,0,1,0,0,45.55,3027.25,1,0,0,0,0,0.9254161880525942,0.07458381194740596
6180-YBIQI,90404,34.026334,-118.474222,1,0,0,0,5,0,0,0,0,0,0,0,0,0,24.3,100.2,0,0,0,0,1,0.527199916270567,0.472800083729433
6728-DKUCO,90405,34.005439,-118.477507,0,0,1,0,72,1,1,1,1,0,0,1,1,1,104.15,7303.05,1,0,0,1,0,0.8417559932530895,0.1582440067469105
9750-BOOHV,90501,33.833699,-118.314387,0,0,0,0,32,0,0,1,0,0,0,0,0,0,30.15,927.65,1,0,0,0,1,0.9079168886095726,0.09208311139042728
8597-CWYHH,90502,33.833181,-118.292062,1,0,0,0,43,1,1,0,0,0,0,1,1,0,94.35,3921.3,1,0,0,0,1,0.8101900275761887,0.18980997242381115
2848-YXSMW,90503,33.840399,-118.353714,1,0,1,0,72,1,0,0,0,0,0,0,0,0,19.4,1363.25,0,1,1,0,0,0.9830843964232998,0.016915603576700102
4549-ZDQYY,90505,33.807882,-118.347957,0,0,0,0,52,1,0,1,0,1,1,0,0,0,57.95,3042.25,1,0,1,0,0,0.9267746624262817,0.07322533757371827
5712-AHQNN,90601,34.007353,-118.033683,0,0,0,0,43,1,0,0,1,1,0,1,0,1,91.65,3954.1,0,0,0,1,0,0.37630683400013576,0.6236931659998646
5256-SKJGO,90603,33.945318,-117.992066,0,0,1,0,64,0,0,0,1,0,1,1,1,1,54.6,3423.5,0,1,0,1,0,0.7735831368381484,0.2264168631618514
3071-VBYPO,90604,33.929704,-118.01208,1,0,1,1,3,1,0,1,1,0,0,1,0,0,89.85,248.4,0,0,0,1,0,0.38714038819827384,0.6128596118017261
9560-BBZXK,90605,33.960891,-118.032222,0,0,0,0,36,0,0,1,0,0,0,0,0,0,31.05,1126.35,0,1,0,0,0,0.9418409392233832,0.05815906077661687
8402-OOOHJ,90620,33.845706,-118.012204,0,0,0,0,41,1,0,0,0,0,0,0,0,0,20.65,835.15,0,1,0,0,1,0.9875203027330065,0.012479697266993836
9445-ZUEQE,90621,33.874224,-117.993368,1,0,1,1,27,1,1,0,1,0,1,0,0,1,85.2,2151.6,0,0,1,0,0,0.7343358365800765,0.2656641634199236
1091-SOZGA,90623,33.850504,-118.039892,0,0,1,0,56,1,1,0,0,1,0,1,1,1,99.8,5515.45,1,0,1,0,0,0.703794386434911,0.29620561356508907
2928-HLDBA,90630,33.818477,-118.038307,0,0,0,0,6,1,0,0,0,0,0,0,0,0,20.7,112.75,0,0,0,0,1,0.7016750739770592,0.29832492602294103
6497-TILVL,90638,33.902045,-118.008961,0,0,1,1,7,1,0,1,0,0,0,0,0,0,50.7,350.35,0,0,0,0,1,0.6079791625598021,0.39202083744019783
7219-TLZHO,90640,34.015217,-118.109962,0,0,1,1,4,1,0,0,0,0,0,0,0,0,20.85,62.9,0,0,0,0,1,0.6263053055113871,0.3736946944886128
4622-YNKIJ,90650,33.905963,-118.08263,1,0,0,0,33,1,0,1,0,0,1,1,0,1,88.95,3027.65,0,1,0,1,0,0.8173394268963438,0.18266057310365622
6734-PSBAW,90670,33.933565,-118.062611,1,0,1,0,72,1,1,0,0,0,0,0,0,1,23.55,1723.95,0,1,0,0,0,0.9984410780968211,0.0015589219031789405
3930-ZGWVE,90680,33.801869,-117.995068,1,0,0,0,1,1,0,0,0,0,0,0,0,0,19.75,19.75,0,0,0,0,1,0.6251646032244129,0.37483539677558686
2639-UGMAZ,90701,33.867593,-118.080637,1,1,0,0,71,0,0,1,1,0,0,1,1,1,56.45,3985.35,1,0,0,1,0,0.7523049870728279,0.24769501292717222
2876-GZYZC,90703,33.8681,-118.067402,0,0,0,0,13,1,1,0,0,0,0,0,1,1,85.95,1215.65,0,0,0,1,0,0.17097364531650178,0.8290263546834984
8587-XYZSF,90706,33.887676,-118.127289,1,0,0,0,67,1,0,0,0,0,1,0,0,0,50.55,3260.1,0,1,0,0,0,0.9844663241119787,0.015533675888021346
7799-LGRDP,90713,33.847755,-118.112532,0,0,0,0,43,1,1,0,0,0,0,0,0,1,25.7,1188.2,0,1,1,0,0,0.9604309824832268,0.039569017516773386
7850-VWJUU,90715,33.841027,-118.078097,0,0,0,0,23,1,0,1,0,0,0,0,0,1,75.0,1778.5,0,0,0,0,0,0.4517794742169449,0.5482205257830554
3774-VBNXY,90716,33.830431,-118.074071,0,0,1,0,64,1,0,0,0,0,0,0,0,0,20.2,1277.75,0,1,0,0,1,0.9878601363401245,0.012139863659875471
6217-KDYWC,90717,33.794209,-118.317354,1,0,0,0,57,1,0,0,0,0,0,0,0,1,19.6,1170.55,0,1,0,0,1,0.958303134048915,0.0416968659510851
3146-MSEGF,90723,33.897122,-118.164432,0,1,1,0,72,1,1,1,1,1,1,1,1,1,88.05,6425.65,0,1,1,0,0,0.9425065135589176,0.05749348644108208
1095-WGNGG,90732,33.744119,-118.31448,0,0,1,0,61,1,1,0,1,0,0,1,1,1,101.05,5971.25,0,1,0,0,0,0.803201196429438,0.19679880357056168
2636-SJDOU,90740,33.75462,-118.071128,1,0,0,0,64,1,1,1,1,0,0,0,0,1,84.3,5289.05,1,0,1,0,0,0.9208084596363251,0.07919154036367473
1131-QQZEB,90742,33.719221,-118.073596,1,1,1,0,71,1,1,0,0,0,0,0,0,0,23.95,1756.2,0,1,0,0,0,0.9768607754169509,0.023139224583048842
5716-EZXZN,90743,33.728273,-118.085304,0,0,1,0,65,1,1,1,1,0,1,1,0,1,99.05,6416.7,0,1,1,0,0,0.8412852228294576,0.15871477717054203
6837-BJYDQ,90744,33.782068,-118.262263,1,0,0,0,3,1,0,0,0,0,0,0,0,0,19.6,61.35,1,0,0,0,1,0.7752909611020966,0.2247090388979033
6440-DKQGE,90746,33.859171,-118.252272,1,0,0,0,30,1,0,0,1,1,0,1,0,0,64.5,1929.95,1,0,1,0,0,0.8955200332404217,0.10447996675957853
3466-BYAVD,90802,33.752524,-118.210737,1,0,1,1,15,1,0,0,1,1,1,0,1,1,69.5,1071.4,0,0,0,0,1,0.6158146284225076,0.38418537157749255
3780-YVMFA,90803,33.760458,-118.129725,0,0,1,1,8,1,0,0,0,0,1,1,1,1,68.55,564.35,0,0,0,1,0,0.5215656194367059,0.47843438056329396
1679-JRFBR,90805,33.864622,-118.179626,0,0,1,0,70,1,1,1,1,1,0,1,1,1,108.15,7930.55,1,0,1,0,0,0.7325920532949641,0.267407946705036
9073-ZZIAY,90806,33.802664,-118.179971,1,0,1,0,62,1,0,1,1,1,1,1,1,0,86.1,5215.25,0,1,0,1,0,0.9018191495044522,0.09818085049554787
3077-RSNTJ,90807,33.830099,-118.182239,0,0,1,1,6,1,0,0,0,0,0,0,0,0,19.7,113.5,0,0,0,0,1,0.7129135175718972,0.28708648242810253
6551-GNYDG,90808,33.823943,-118.111335,0,0,1,1,14,1,0,0,0,0,0,0,1,1,80.9,1152.8,0,0,0,0,0,0.500091596867837,0.4999084031321631
9167-APMXZ,90810,33.819814,-118.222416,0,0,0,0,22,1,1,0,0,0,0,1,0,1,84.15,1821.95,0,0,0,0,0,0.3301359208479068,0.6698640791520931
2749-CTKAJ,90813,33.781086,-118.199049,1,0,1,0,22,1,0,0,0,0,0,0,0,0,20.15,419.9,1,0,0,0,1,0.946670272283869,0.05332972771613096
6371-NZYEG,90814,33.771612,-118.143866,1,0,1,0,16,1,0,1,0,1,0,1,0,0,64.25,1024.0,0,1,0,0,1,0.9032529717231559,0.09674702827684442
7554-NEWDD,90815,33.797638,-118.11662,1,0,0,0,10,1,1,0,0,0,0,0,0,0,25.7,251.6,0,1,0,0,0,0.8691159931917025,0.13088400680829754
8992-VONJD,90822,33.778436,-118.118648,0,0,0,1,13,1,0,1,1,0,0,0,0,1,56.0,764.55,0,0,0,1,0,0.550483642496045,0.4495163575039549
4482-EWFMI,91006,34.137319,-118.029837,0,0,0,0,2,1,0,0,0,0,0,0,0,1,69.7,135.2,0,0,0,1,0,0.24929895413024475,0.7507010458697555
4648-YPBTM,91007,34.128284,-118.047732,1,0,0,0,53,1,1,0,1,1,1,0,1,1,73.9,3958.25,0,1,0,0,0,0.9791431193255627,0.020856880674437334
2907-ILJBN,91010,34.145695,-117.95982,0,0,1,0,11,1,0,0,0,0,0,0,0,0,20.6,233.9,1,0,0,0,1,0.8364456750096865,0.16355432499031358
6345-FZOQH,91011,34.234912,-118.153729,1,0,1,0,69,1,0,0,0,0,0,0,0,0,19.9,1363.45,0,1,0,0,1,0.995519536719564,0.00448046328043613
5997-OPVFA,91020,34.2112,-118.230625,1,0,1,0,72,1,1,1,1,1,1,1,1,1,89.05,6254.45,0,1,0,0,0,0.9910751673867512,0.008924832613248827
1159-WFSGR,91030,34.110444,-118.156957,0,0,1,1,16,1,0,0,0,0,0,0,0,0,20.4,321.4,0,0,0,1,0,0.6841199589359614,0.31588004106403816
7654-YWJUF,91040,34.282704,-118.312929,1,0,1,0,43,1,0,1,0,1,1,0,0,1,84.25,3539.25,1,0,0,0,0,0.8297936811963741,0.17020631880362572
6727-IOTLZ,91101,34.146635,-118.139225,1,0,1,0,14,1,0,0,1,1,1,1,1,0,81.95,1181.75,0,1,0,0,1,0.9030043029844719,0.0969956970155284
5918-VUKWP,91104,34.165383,-118.123752,0,0,0,0,32,1,0,0,0,0,0,0,0,0,20.55,654.55,1,0,0,0,0,0.9695753839659743,0.03042461603402584
1744-JHKYS,91105,34.13946,-118.166649,0,0,1,0,34,1,1,0,0,0,0,0,0,0,24.7,780.2,0,0,0,1,0,0.7932645177711183,0.20673548222888175
5947-SGKCL,91108,34.122671,-118.112911,0,0,1,1,15,1,1,0,1,1,0,1,1,1,105.35,1559.25,0,0,0,0,0,0.5521598599395209,0.44784014006047923
3712-PKXZA,91201,34.17051,-118.289463,1,0,1,0,61,1,0,0,0,0,0,0,0,1,20.55,1252.0,1,0,1,0,0,0.9669140109181253,0.03308598908187453
6582-OIVSP,91203,34.153338,-118.262974,0,0,0,0,1,1,0,0,0,0,0,0,0,0,45.3,45.3,0,0,0,0,1,0.30376354936496575,0.6962364506350344
5524-KHNJP,91205,34.13658,-118.245839,1,0,1,0,33,1,0,1,0,1,0,1,1,0,74.75,2453.3,1,0,1,0,0,0.6896070242962117,0.3103929757037886
4827-USJHP,91208,34.195386,-118.238508,1,0,0,0,20,1,0,0,1,0,0,0,0,1,51.8,1023.85,0,0,0,0,1,0.7420734238686906,0.25792657613130954
8167-GJLRN,91214,34.239636,-118.245259,1,0,0,0,3,0,0,0,0,0,1,0,0,0,30.4,82.15,0,0,0,1,0,0.3176665033567381,0.6823334966432618
0956-SYCWG,91301,34.129058,-118.759788,0,0,0,0,13,1,0,0,0,0,0,0,0,0,19.65,244.8,1,0,0,1,0,0.8740378697802094,0.12596213021979052
8017-UVSZU,91302,34.130861,-118.68346,0,0,1,0,40,1,1,0,1,0,0,0,0,0,56.6,2379.1,0,0,1,0,0,0.7567034864360955,0.24329651356390428
7100-FQPRV,91303,34.19829,-118.602203,1,0,1,0,43,1,1,1,0,0,1,0,1,1,71.9,3173.35,1,0,1,0,0,0.7921722239086588,0.20782777609134107
2984-RGEYA,91306,34.209532,-118.577563,0,0,1,0,69,1,0,0,0,0,0,0,0,0,19.75,1375.4,0,1,0,0,0,0.9867686724785082,0.013231327521491703
9680-NIAUV,91307,34.199787,-118.68493,0,0,1,0,72,1,1,1,1,1,0,1,1,0,109.7,8129.3,0,1,1,0,0,0.9479551300135332,0.052044869986466936
2146-EGVDT,91311,34.294142,-118.603883,1,0,1,0,59,1,0,0,0,0,0,0,0,0,19.3,1192.7,0,1,1,0,0,0.8975281866809727,0.10247181331902738
2604-IJPDU,91316,34.150354,-118.518292,0,0,1,0,20,1,0,1,1,0,1,1,0,1,96.55,1901.65,0,0,0,1,0,0.2863837861921778,0.7136162138078223
9178-JHUVJ,91320,34.172071,-118.946262,1,0,1,1,24,1,1,0,0,0,0,0,0,1,24.1,587.4,0,1,0,0,0,0.9904220174784758,0.009577982521524064
6168-YBYNP,91321,34.370378,-118.504118,1,0,0,0,59,1,1,0,1,1,1,1,1,1,111.35,6519.75,0,0,0,1,0,0.6282603180008919,0.37173968199910834
7255-SSFBC,91324,34.238208,-118.55029,1,0,1,1,72,1,1,0,1,1,1,1,1,1,112.25,8041.65,0,1,0,0,0,0.969506663079699,0.030493336920300953
3645-DEYGF,91325,34.236683,-118.517588,1,0,0,1,1,1,0,0,0,0,0,0,0,0,20.75,20.75,0,0,0,0,1,0.5403028003668353,0.4596971996331648
9323-HGFWY,91326,34.281911,-118.556218,0,0,1,0,27,1,0,1,0,0,1,1,1,1,101.9,2681.15,1,0,1,0,0,0.5502503529702527,0.4497496470297474
8544-GOQSH,91331,34.255442,-118.421314,0,0,0,0,14,1,0,0,1,0,1,0,0,1,80.05,1112.3,0,0,1,0,0,0.3557243662258799,0.6442756337741201
3363-DTIVD,91335,34.200175,-118.540958,1,0,1,1,71,1,1,1,0,1,0,1,1,0,105.55,7405.5,0,1,0,1,0,0.9348719148922587,0.06512808510774148
7018-WBJNK,91340,34.286131,-118.435969,1,0,0,1,13,1,0,0,0,0,0,1,0,1,78.3,1033.95,0,0,1,0,0,0.49216990747215256,0.5078300925278475
9142-KZXOP,91342,34.321621,-118.399841,1,0,0,0,44,1,0,0,0,0,0,0,0,0,68.85,2958.95,0,0,1,0,0,0.7394219267484242,0.2605780732515758
7674-YTAFD,91343,34.238802,-118.482296,0,0,0,0,33,1,0,0,1,0,1,0,0,1,79.95,2684.85,1,0,0,0,0,0.8571767816832445,0.14282321831675518
6348-SNFUS,91344,34.291273,-118.505104,1,0,1,0,72,0,0,1,1,1,1,0,1,1,55.45,4179.2,0,1,1,0,0,0.9745303675931539,0.02546963240684641
1347-KTTTA,91351,34.422519,-118.420717,1,0,1,0,64,1,0,0,1,1,1,1,1,1,102.45,6654.1,1,0,1,0,0,0.7166468226812683,0.28335317731873155
4195-NZGTA,91354,34.457005,-118.573726,0,0,0,0,1,0,0,0,0,0,0,0,0,0,25.25,25.25,0,0,0,1,0,0.22233512774814151,0.7776648722518589
7157-SMCFK,91355,34.43987,-118.644609,1,0,0,1,61,1,0,0,0,0,0,0,0,0,19.75,1124.2,0,1,0,0,1,0.9923106464889324,0.007689353511067496
4709-LKHYG,91356,34.157137,-118.548511,0,0,1,0,29,1,0,0,0,0,0,0,0,0,20.0,540.05,1,0,0,1,0,0.9429096726412106,0.05709032735878937
2504-DSHIH,91360,34.214054,-118.88109,1,1,1,0,23,1,1,0,0,0,0,0,1,0,86.8,1975.85,0,0,0,1,0,0.24585266562071706,0.7541473343792827
0699-NDKJM,91361,34.130992,-118.894673,0,0,1,0,57,0,0,1,1,1,0,1,1,1,58.75,3437.45,0,0,0,0,0,0.6749837307586297,0.3250162692413703
9286-BHDQG,91362,34.191842,-118.822796,1,0,1,0,72,0,0,1,1,1,1,0,0,0,45.25,3139.8,0,1,1,0,0,0.9599150201453343,0.04008497985466577
0230-WEQUW,91364,34.153733,-118.593408,1,0,1,0,66,0,0,1,1,1,1,1,0,1,56.6,3789.2,0,1,0,0,0,0.9705903843805775,0.0294096156194225
2040-LDIWQ,91367,34.178068,-118.615714,1,0,1,0,65,1,1,0,1,1,1,1,1,1,84.2,5324.5,0,1,0,0,0,0.9734416857991087,0.026558314200891255
6496-JDSSB,91377,34.19225,-118.776874,0,0,0,0,8,1,0,0,0,0,0,1,0,1,80.0,624.6,0,0,0,0,0,0.18374242807110386,0.8162575719288963
4443-EMBNA,91384,34.506627,-118.699048,0,0,1,0,71,1,1,0,0,0,0,0,0,0,24.75,1836.9,0,1,0,0,0,0.995004845721524,0.004995154278476011
6469-MRVET,91401,34.178483,-118.431791,1,0,1,0,1,1,0,0,0,0,0,0,0,1,20.2,20.2,1,0,0,1,0,0.6111746268526879,0.3888253731473121
5961-VUSRV,91403,34.147149,-118.463365,0,0,0,0,12,1,0,0,0,0,0,0,0,1,19.35,219.35,1,0,0,0,0,0.9013714740848223,0.09862852591517783
6778-JFCMK,91405,34.202494,-118.448048,1,0,0,0,24,0,0,1,0,0,0,1,1,1,50.6,1288.75,1,0,0,0,1,0.7787952219406828,0.22120477805931724
6341-JVQGF,91406,34.195685,-118.490752,0,0,1,0,31,1,0,1,0,1,1,1,1,1,81.15,2545.75,1,0,0,0,1,0.6136400553001731,0.386359944699827
4811-JBUVU,91423,34.146957,-118.432138,1,0,0,0,30,1,1,0,0,0,1,0,1,1,89.9,2723.15,0,0,1,0,0,0.4120539918279251,0.5879460081720749
0945-TSONX,91436,34.152875,-118.486056,0,0,1,0,47,1,1,1,1,0,1,1,1,1,85.3,4107.25,0,1,1,0,0,0.978934893740147,0.021065106259853156
2651-ZCBXV,91501,34.188339,-118.300942,1,0,0,0,54,1,1,1,1,0,1,1,1,1,108.0,5760.65,0,1,1,0,0,0.6610072559896254,0.3389927440103746
3316-UWXUY,91502,34.177267,-118.31003,1,0,0,0,50,1,0,1,1,0,1,0,1,1,93.5,4747.5,0,0,1,0,0,0.5850704908832012,0.41492950911679893
7083-MIOPC,91505,34.174215,-118.345928,0,0,0,0,72,1,0,0,0,0,0,0,0,0,20.25,1566.9,0,1,1,0,0,0.9949880194207864,0.005011980579213586
1984-GPTEH,91506,34.169706,-118.323548,0,0,0,0,29,1,1,0,0,0,0,0,0,0,25.15,702.0,0,0,0,1,0,0.7536603325418444,0.2463396674581555
0621-JFHOL,91602,34.15136,-118.364786,0,0,0,0,10,0,0,0,0,0,1,0,0,1,29.6,299.05,0,1,0,0,1,0.9224323748809585,0.0775676251190417
9903-LYSAB,91604,34.139082,-118.39275,1,0,1,0,18,1,1,0,0,0,0,0,0,1,73.15,1305.95,0,0,0,1,0,0.38517169018188413,0.6148283098181162
9227-UAQFT,91606,34.187599,-118.387125,1,0,0,0,16,1,0,0,0,0,0,0,0,0,19.75,284.35,0,1,0,0,1,0.9898873672934527,0.010112632706547227
7301-ABVAD,91607,34.165783,-118.399795,0,0,0,0,72,1,1,0,1,1,1,1,1,0,86.6,6350.5,0,1,0,0,0,0.9908343024664206,0.009165697533579474
6614-FHDBO,91701,34.132275,-117.611478,1,0,0,0,72,1,1,0,1,1,1,1,1,0,109.2,7878.3,0,1,0,0,0,0.9489735946821984,0.051026405317801615
7576-ASEJU,91702,34.174493,-117.87068,0,0,1,0,41,1,0,1,0,0,1,1,1,1,74.7,3187.65,1,0,1,0,0,0.6211357249777967,0.37886427502220343
9058-HRZSV,91706,34.098275,-117.967399,0,1,1,0,65,1,0,1,1,1,0,0,1,0,94.4,6126.15,0,0,0,1,0,0.5753546660563187,0.4246453339436815
4522-AKYLR,91709,33.942895,-117.725644,0,1,0,0,13,1,0,0,1,1,0,0,0,1,54.8,731.3,0,0,0,1,0,0.5801587171522883,0.4198412828477117
0221-WMXNQ,91710,33.990646,-117.663025,1,1,0,0,4,1,0,1,0,0,0,0,0,0,75.35,273.4,0,0,0,1,0,0.3268271645287817,0.6731728354712184
0303-UNCIP,91711,34.127621,-117.717863,1,0,0,0,41,1,1,0,0,1,0,0,1,0,65.0,2531.8,1,0,0,0,1,0.6897669802581179,0.31023301974188205
0959-WHOKV,91724,34.08111,-117.853935,1,0,0,0,42,1,1,1,1,1,0,0,1,1,99.0,4298.45,1,0,0,1,0,0.6990388881269738,0.30096111187302604
4075-JFPGR,91730,34.10097,-117.57882,0,0,1,0,51,1,0,1,1,1,0,1,0,1,93.5,4619.55,1,0,0,1,0,0.7464426575190782,0.25355734248092165
3282-ZISZV,91733,34.04622,-118.053753,1,0,0,0,32,1,1,0,1,1,1,1,1,0,83.7,2633.3,1,0,1,0,0,0.7144655127658698,0.2855344872341305
3675-YDUPJ,91737,34.245289,-117.642503,1,0,0,0,10,1,0,0,0,0,0,0,0,1,19.85,193.05,0,0,0,0,1,0.7777609223649187,0.22223907763508144
4111-BNXIF,91739,34.133809,-117.523724,0,0,1,0,67,0,0,0,1,1,1,1,1,1,59.55,4103.9,0,1,0,1,0,0.7893818358087051,0.21061816419129445
7017-VFHAY,91740,34.119363,-117.855059,0,0,1,1,61,1,1,1,1,1,1,1,1,0,115.1,7008.15,0,1,1,0,0,0.9451810316665866,0.05481896833341346
6655-LHBYW,91741,34.14649,-117.849815,1,0,0,0,50,1,1,1,1,1,1,1,1,0,114.35,5791.1,1,0,1,0,0,0.6020269438321563,0.3979730561678436
5046-NUHWD,91745,33.998471,-117.973758,0,1,1,0,29,0,0,1,0,1,0,0,1,1,45.0,1228.65,0,0,0,1,0,0.5888902330148276,0.41110976698517254
7529-ZDFXI,91750,34.144703,-117.770299,1,1,1,0,57,1,1,0,1,0,0,0,1,1,89.85,4925.35,0,0,0,1,0,0.4656591056200054,0.5343408943799948
7605-BDWDC,91752,33.999992,-117.535395,0,0,0,0,31,0,0,1,1,0,1,0,1,1,49.85,1520.1,0,1,0,0,0,0.9264175747606391,0.07358242523936111
1950-KSVVJ,91754,34.050322,-118.147037,0,0,1,0,45,1,1,1,1,1,1,1,1,0,113.3,5032.25,1,0,0,0,1,0.6142367083244235,0.3857632916755766
0123-CRBRT,91755,34.049172,-118.115022,0,0,1,0,61,1,1,1,1,1,1,1,1,0,88.1,5526.75,0,1,0,0,1,0.9839064583389374,0.016093541661062482
6292-TOSSS,91759,34.231318,-117.662032,1,0,0,0,50,1,1,0,0,0,0,0,0,0,24.9,1195.25,0,1,0,0,0,0.9531210640190514,0.046878935980948555
3197-ARFOY,91761,34.035602,-117.591528,0,1,0,0,19,1,0,1,1,0,1,1,1,1,105.0,2007.25,0,0,0,0,1,0.41101834297880574,0.5889816570211943
7014-ZZXAW,91763,34.072121,-117.698319,0,0,1,0,71,1,1,0,0,0,0,0,0,1,24.25,1732.95,0,1,1,0,0,0.9948642560592564,0.005135743940743629
7633-MVPUY,91765,33.992416,-117.807874,1,0,1,0,57,1,0,1,1,0,1,0,0,1,59.75,3450.15,0,1,0,1,0,0.8788549939445097,0.12114500605549029
4716-HHKQH,91767,34.083086,-117.737997,1,1,1,0,20,1,1,0,1,0,1,1,1,0,107.05,2172.05,0,0,0,1,0,0.28799988748432975,0.7120001125156701
3179-GBRWV,91775,34.114772,-118.089431,1,1,1,0,21,1,0,1,1,0,0,0,1,1,64.95,1339.8,0,0,0,0,0,0.6887358753090005,0.31126412469099957
8645-KWHJO,91776,34.089927,-118.095645,1,0,0,0,14,0,0,0,0,1,1,1,1,1,55.0,771.95,0,0,0,1,0,0.35510071985358715,0.6448992801464128
4130-MZLCC,91780,34.101608,-118.055848,0,0,0,0,5,1,0,0,1,0,0,0,0,0,50.55,244.75,0,0,0,0,0,0.4021172643878795,0.5978827356121206
0314-TKOSI,91784,34.141146,-117.655583,0,0,0,0,6,1,0,1,1,0,0,0,0,0,55.15,322.9,0,0,0,0,1,0.6051502329771324,0.39484976702286756
8229-MYEJZ,91786,34.105493,-117.660934,0,0,0,0,10,1,0,0,1,0,0,0,0,0,51.2,498.25,0,0,0,1,0,0.5713092665414117,0.42869073345858844
2080-SRCDE,91789,34.018354,-117.85492,0,0,0,1,1,1,1,0,0,0,0,0,0,0,25.4,25.4,0,0,0,0,1,0.47605169793019164,0.5239483020698086
9577-WJVCQ,91790,34.066964,-117.937007,0,0,0,0,68,1,1,1,0,0,0,0,0,0,54.45,3687.75,0,0,0,0,1,0.8344633354268606,0.1655366645731395
6202-DYYFX,91792,34.024405,-117.898722,0,0,0,0,22,1,1,0,0,0,0,0,0,1,76.0,1783.6,1,0,1,0,0,0.82184085650356,0.1781591434964399
3808-HFKDE,91801,34.090925,-118.128164,0,0,0,0,20,1,0,0,0,0,0,0,0,1,44.35,927.15,0,0,0,1,0,0.5580814281910248,0.4419185718089751
3727-OWVYD,91906,32.673483,-116.472863,1,0,0,0,35,1,0,1,1,1,0,0,0,0,61.2,2021.2,1,0,0,0,1,0.8653039216244156,0.13469607837558434
2294-SALNE,91910,32.636792,-117.054989,1,0,1,0,23,1,0,0,1,1,1,0,0,0,86.8,1940.8,1,0,0,0,1,0.7700793423977451,0.22992065760225497
4847-TAJYI,91911,32.607964,-117.059459,0,1,0,0,6,1,0,0,0,0,0,1,1,1,89.35,567.8,0,0,0,1,0,0.14155653019294231,0.8584434698070577
1563-IWQEX,91913,32.64164,-116.985026,0,0,0,0,12,1,0,0,0,0,0,0,0,0,19.7,220.35,0,0,0,0,1,0.6997719132755038,0.30022808672449613
8203-XJZRC,91914,32.688506,-116.938632,1,0,0,0,1,1,0,0,0,0,0,0,0,0,20.25,20.25,0,0,0,0,1,0.5988532752624657,0.4011467247375343
6556-DBKZF,91915,32.605012,-116.97595,0,0,1,1,71,1,0,0,0,1,0,0,0,0,76.05,5436.45,0,1,0,1,0,0.9301315149638653,0.06986848503613477
6851-WEFYX,91916,32.912664,-116.635387,1,1,1,0,35,1,1,0,0,1,0,1,1,1,100.8,3437.5,0,0,0,1,0,0.17697276067491516,0.8230272393250854
2985-JUUBZ,91917,32.622999,-116.687855,1,0,1,1,40,1,1,0,0,1,0,1,1,1,74.55,3015.75,0,0,0,1,0,0.7893448012239035,0.21065519877609618
0895-LMRSF,91932,32.579134,-117.119009,1,0,0,0,23,1,0,0,0,0,0,1,1,1,64.9,1509.8,1,0,0,0,0,0.6792654937266477,0.3207345062733525
8266-VBFQL,91935,32.695681,-116.798386,1,0,0,0,4,1,0,0,0,1,1,0,1,1,90.4,356.65,0,0,0,1,0,0.0974364102211266,0.9025635897788736
8181-YHCMF,91941,32.759327,-116.99726,0,0,1,0,68,0,0,0,1,1,1,1,1,0,60.3,4109.0,0,1,1,0,0,0.9460422192186335,0.05395778078136645
2240-HSJQD,91942,32.782501,-117.01611,1,0,0,1,38,1,1,0,1,0,0,0,0,1,81.85,3141.7,0,0,0,0,1,0.8020155068934618,0.1979844931065379
1248-DYXUB,91945,32.733564,-117.033713,1,0,1,1,52,1,1,0,0,0,0,0,0,0,24.8,1229.1,0,1,0,0,1,0.9986704648257443,0.0013295351742558046
4115-BNPJY,91950,32.67102,-117.095235,1,0,1,0,29,1,0,0,0,1,1,1,1,0,75.55,2054.4,0,1,0,0,1,0.9372334103303337,0.0627665896696665
3167-SNQPL,91962,32.800671,-116.483363,1,1,1,1,38,1,1,0,1,0,0,1,1,0,101.15,3741.85,0,0,0,1,0,0.8109695286586687,0.18903047134133133
4091-TVOCN,91963,32.619465,-116.593605,1,0,0,0,48,1,1,1,0,1,0,1,1,1,78.75,3682.45,1,0,1,0,0,0.6598668590703373,0.3401331409296627
1098-TDVUQ,91977,32.726627,-116.994608,0,0,0,0,1,1,0,0,0,0,0,0,0,1,19.25,19.25,0,0,0,0,0,0.5930431298586609,0.4069568701413388
7277-OZCGZ,91978,32.730264,-116.950963,0,0,0,0,22,1,0,1,0,0,1,0,1,1,89.05,1886.25,0,0,0,1,0,0.4178525623859861,0.5821474376140141
1557-EMYVT,91980,32.587557,-116.636816,0,0,0,0,43,1,1,1,1,1,1,1,1,0,115.05,4895.1,0,1,1,0,0,0.5026691817243314,0.4973308182756686
2799-ARNLO,92003,33.290907,-117.202895,0,1,1,0,5,1,0,0,0,0,0,0,0,1,69.35,341.6,0,0,0,1,0,0.22861400334935167,0.7713859966506488
5027-YOCXN,92007,33.015866,-117.272254,1,0,1,0,51,1,1,1,1,0,1,1,1,0,110.05,5686.4,1,0,1,0,0,0.5107692957175266,0.4892307042824735
3973-SKMLN,92008,33.148116,-117.306043,1,0,0,0,71,1,0,0,0,0,0,0,0,1,19.9,1355.1,0,1,1,0,0,0.9923862728317887,0.0076137271682114845
6745-JEFZB,92019,32.785165,-116.862648,1,0,1,0,35,1,1,0,0,0,1,1,0,1,91.5,3236.35,0,0,1,0,0,0.35335415322682545,0.6466458467731745
9880-TDQAC,92021,32.832706,-116.873258,0,0,1,0,72,0,0,0,1,1,1,1,1,1,60.0,4264.0,0,1,0,1,0,0.7840428854512769,0.21595711454872324
8705-WZCYL,92024,33.054579,-117.25665,1,0,0,0,1,1,0,0,0,0,0,0,0,1,44.8,44.8,0,0,0,1,0,0.27283341273584016,0.7271665872641603
7102-JJVTX,92025,33.081478,-117.033814,0,0,1,0,9,1,0,1,0,0,0,0,0,0,48.6,422.3,1,0,0,0,1,0.8217196812253035,0.17828031877469655
8626-PTQGE,92026,33.21846,-117.116916,1,0,0,0,69,0,0,1,1,0,1,1,1,1,60.05,4176.7,0,1,0,0,0,0.9682362445244038,0.031763755475596
4983-CLMLV,92027,33.141265,-116.967221,0,0,1,0,52,1,1,0,1,0,1,1,1,1,102.7,5138.1,0,0,1,0,0,0.46466285327068513,0.535337146729315
5701-YVSVF,92028,33.362575,-117.299644,0,1,1,0,11,1,0,0,0,0,1,1,0,1,82.9,880.05,0,0,0,1,0,0.24871366712559137,0.7512863328744084
5697-GOMBF,92036,32.980678,-116.262854,0,1,1,1,28,0,0,0,0,0,0,1,0,1,35.9,973.65,0,0,0,1,0,0.7767103933316746,0.2232896066683254
2739-CACDQ,92037,32.853743,-117.25034,0,1,0,0,17,1,1,0,0,1,0,0,0,1,82.65,1470.05,0,0,1,0,0,0.35100301657760874,0.6489969834223916
9385-EHGDO,92040,32.909873,-116.906774,0,0,1,1,35,1,0,0,0,0,0,0,0,1,19.85,739.35,0,1,0,0,1,0.9898224611162189,0.010177538883781239
9498-FIMXL,92054,33.351059,-117.420557,0,0,0,0,8,1,0,0,0,0,0,0,0,1,19.2,161.95,1,0,0,0,1,0.8270173185408283,0.17298268145917167
2379-GYFLQ,92056,33.194742,-117.29032,1,0,0,0,46,1,1,0,1,1,0,1,0,1,94.9,4422.95,1,0,1,0,0,0.8854098866805526,0.11459011331944743
2088-IEBAU,92064,32.984395,-117.013454,0,0,0,0,68,1,1,1,1,1,1,1,1,1,88.15,6148.45,0,1,0,1,0,0.8626002023378337,0.137399797662166
7982-VCELR,92065,33.044541,-116.833922,0,0,0,0,36,1,0,0,1,0,0,1,1,1,94.8,3565.65,0,0,1,0,0,0.34530356303947757,0.6546964369605223
6035-BXTTY,92067,33.012751,-117.200617,0,1,0,0,32,1,0,0,1,0,1,0,0,0,54.65,1830.1,0,0,0,0,0,0.7166581548440634,0.28334184515593686
6885-PKOAM,92069,33.162624,-117.170863,0,0,1,0,71,1,1,1,1,1,1,1,1,0,85.75,6223.8,0,1,1,0,0,0.9478713376112977,0.05212866238870231
7520-HQWJU,92070,33.174725,-116.743329,0,0,1,1,66,1,1,1,1,1,0,0,0,1,67.45,4508.65,0,0,0,0,0,0.806491033360222,0.1935089666397783
9639-BUJXT,92071,32.847336,-116.997605,1,0,0,0,63,1,0,0,0,0,0,0,0,0,20.5,1328.15,1,0,0,0,1,0.9695839811416164,0.03041601885838358
5924-SNGKP,92075,33.001813,-117.263628,0,0,0,0,41,1,0,0,0,0,0,0,0,1,20.25,865.0,1,0,1,0,0,0.935811987363651,0.064188012636349
0021-IKXGC,92078,33.119028,-117.166036,0,1,0,0,1,1,1,0,0,0,0,0,0,1,72.1,72.1,0,0,0,1,0,0.10047510899166932,0.8995248910083304
8966-SNIZF,92083,33.17494,-117.242761,0,0,1,0,70,1,0,0,0,0,0,0,0,0,19.45,1303.5,0,1,0,0,0,0.9681423282643367,0.031857671735663305
6243-OZGFH,92084,33.22784,-117.200024,0,0,0,0,23,0,0,0,0,0,0,1,1,1,44.95,996.85,0,0,0,1,0,0.5094189199991602,0.4905810800008399
4654-DLAMQ,92086,33.323705,-116.626907,0,1,1,0,64,1,0,1,1,1,0,0,1,0,97.0,6430.9,1,0,0,0,0,0.6439271973310606,0.35607280266893954
0513-RBGPE,92091,32.99356,-117.207121,1,0,1,0,37,1,1,1,0,1,1,0,0,1,62.8,2278.75,0,1,1,0,0,0.9270850965006586,0.07291490349934165
5160-UXJED,92101,32.72523,-117.171346,1,0,0,0,17,1,0,0,0,0,0,0,0,0,44.6,681.4,1,0,0,0,1,0.8641749790861062,0.13582502091389373
4115-NZRKS,92102,32.716007,-117.117462,0,1,0,0,7,1,0,0,0,0,0,1,1,1,89.15,574.35,0,0,0,1,0,0.14391968459029073,0.8560803154097094
3351-NGXYI,92106,32.71346,-117.236378,0,1,0,0,16,1,1,1,0,0,0,0,0,1,54.1,889.0,0,0,0,1,0,0.4547674034364084,0.5452325965635917
8984-EYLLL,92107,32.741852,-117.243453,1,0,1,0,64,1,1,0,1,0,1,1,1,1,105.25,6823.4,0,1,0,1,0,0.6397501175217895,0.36024988247821027
9833-TGFHX,92109,32.787836,-117.232376,1,0,1,0,42,1,1,1,0,0,0,1,1,0,97.1,4016.75,1,0,0,1,0,0.4769293306926769,0.5230706693073232
9294-TDIPC,92110,32.76501,-117.19938,1,0,0,1,5,1,0,0,0,0,0,0,0,0,20.2,83.75,0,0,0,0,1,0.7469661426339995,0.25303385736600037
5229-DTFYB,92111,32.805518,-117.169052,0,0,0,0,41,1,0,0,1,0,1,1,1,1,98.8,3959.15,0,1,0,0,0,0.6387772940940666,0.36122270590593347
0104-PPXDV,92113,32.697098,-117.116587,1,0,1,0,58,1,0,0,0,1,0,0,0,0,50.3,2878.55,1,0,1,0,0,0.9092620241324257,0.0907379758675742
5176-LMJXE,92114,32.707892,-117.05512,0,0,0,0,47,1,0,0,0,0,0,0,0,1,20.55,945.7,0,1,0,0,1,0.971472053577921,0.028527946422079106
3583-KRKMD,92115,32.762506,-117.07245,1,0,0,0,18,1,0,0,0,0,1,0,0,1,75.9,1373.05,0,0,0,0,0,0.5421728397831044,0.4578271602168954
9069-LGEUL,92117,32.825086,-117.199424,1,0,1,0,23,1,0,1,0,0,0,0,1,1,59.95,1406.0,0,0,0,0,0,0.5964856388265549,0.40351436117344525
7302-ZHMHP,92118,32.68674,-117.186612,0,0,0,0,1,1,0,0,0,0,0,0,0,0,19.15,19.15,0,0,0,0,1,0.687377370905645,0.31262262909435523
9571-EDEBV,92119,32.802959,-117.027095,1,0,1,0,71,1,1,0,0,1,0,1,1,1,98.65,6962.85,1,0,1,0,0,0.645001410291988,0.35499858970801207
3520-FJGCV,92120,32.807867,-117.060993,1,0,1,1,72,1,1,1,1,1,1,1,1,1,112.6,8126.65,0,1,1,0,0,0.9520644219736581,0.04793557802634178
6563-VRERX,92121,32.898613,-117.202937,1,0,1,0,33,1,0,0,0,0,0,0,0,0,20.6,690.25,1,0,0,0,1,0.9674423416927871,0.03255765830721289
6122-EFVKN,92123,32.808814,-117.134694,1,0,0,0,24,0,0,1,0,0,1,0,0,0,35.75,830.8,0,1,0,0,1,0.9548529366278586,0.04514706337214158
2805-EDJPQ,92124,32.827238,-117.089287,0,0,1,0,56,1,1,0,1,1,1,0,1,1,99.75,5608.4,1,0,1,0,0,0.5546158241364683,0.44538417586353163
6862-CQUMB,92126,32.886925,-117.152162,1,0,0,0,37,1,0,0,1,0,0,1,1,1,96.1,3646.8,0,0,1,0,0,0.31722859219163774,0.6827714078083621
7156-MXBJE,92127,33.017518,-117.118456,0,0,0,0,43,1,1,0,1,1,1,1,1,0,85.1,3662.25,1,0,1,0,0,0.6326803204509006,0.3673196795490994
6158-HDPXZ,92128,33.000269,-117.072093,1,0,0,0,1,0,0,0,0,0,0,0,0,0,25.35,25.35,0,0,0,0,1,0.4661044301016391,0.5338955698983608
2863-IMQDR,92130,32.957195,-117.202542,0,0,0,0,61,1,1,1,1,1,1,1,1,0,89.65,5308.7,0,1,0,1,0,0.8470777316728588,0.15292226832714126
5686-CMAWK,92131,32.89325,-117.087091,1,0,0,0,17,1,1,0,0,1,1,0,0,0,86.75,1410.25,1,0,0,1,0,0.7060844408002243,0.2939155591997756
5651-CRHKQ,92139,32.677716,-117.047666,0,0,1,0,41,1,0,0,1,1,1,0,0,1,86.2,3339.05,1,0,0,0,0,0.7606154789547246,0.23938452104527547
8204-YJCLA,92173,32.555828,-117.040073,1,1,1,0,72,0,0,1,1,1,1,1,1,1,64.8,4732.35,0,1,0,0,0,0.9059446329911844,0.09405536700881535
6583-SZVGP,92203,33.752938,-116.230055,1,0,0,0,48,1,1,0,1,1,0,1,1,1,108.1,5067.45,0,1,0,0,0,0.5868966546366374,0.4131033453633626
1708-PBBOA,92220,33.936298,-116.849577,0,0,0,0,42,0,0,1,1,1,1,0,1,1,54.75,2348.45,1,0,0,1,0,0.7004717841363738,0.29952821586362594
8782-LKFPK,92223,33.946982,-116.977672,1,0,0,0,44,1,1,0,0,1,0,0,1,1,90.4,4063.0,0,0,0,0,1,0.3452424259120558,0.6547575740879443
5522-JBWMO,92225,33.674583,-114.71612,1,0,0,1,1,1,0,0,0,0,0,0,0,0,44.0,44.0,0,0,0,1,0,0.4357362755244911,0.5642637244755089
3597-MVHJT,92227,33.03933,-115.191857,0,0,0,0,27,1,1,0,0,0,0,1,1,1,95.6,2595.25,0,0,0,0,0,0.3172595879251652,0.6827404120748346
9774-NRNAU,92230,33.929812,-116.76058,1,1,1,0,27,1,1,0,1,1,1,1,1,1,84.8,2309.55,0,0,0,0,0,0.3833057083065906,0.6166942916934096
0224-RLWWD,92231,32.690654,-115.431225,0,1,0,0,2,1,0,0,0,0,0,0,0,1,44.3,89.3,0,0,0,1,0,0.29870298162215714,0.7012970183778431
9967-ATRFS,92233,33.143826,-115.497485,0,0,0,0,19,1,0,0,0,0,0,0,0,0,19.9,367.55,0,0,0,0,1,0.7477309057712337,0.25226909422876626
3951-NJCVI,92234,33.829583,-116.474131,0,1,1,0,42,1,1,0,0,0,0,1,1,1,95.05,3944.5,0,0,0,1,0,0.2148049187615958,0.7851950812384048
2977-CEBSX,92236,33.680031,-116.171678,0,0,0,0,66,1,1,1,1,1,1,1,1,1,90.05,5965.95,0,1,1,0,0,0.9627624220616369,0.03723757793836326
0177-PXBAT,92239,33.889605,-115.257009,1,1,1,0,33,1,1,1,0,1,1,1,1,1,109.9,3694.7,0,0,0,0,0,0.35701152455833907,0.6429884754416609
2519-ERQOJ,92241,33.832799,-116.250973,1,1,0,0,33,0,0,0,0,1,1,1,1,1,54.6,1803.7,0,0,0,1,0,0.6327655536603805,0.36723444633961966
5876-QMYLD,92242,34.137742,-114.36514,0,0,1,0,23,1,0,0,0,0,0,0,0,0,20.05,415.1,1,0,0,0,1,0.9690075695409525,0.030992430459047638
2277-AXSDC,92243,32.770393,-115.60915,0,0,0,0,32,1,0,0,0,0,0,0,0,0,19.75,624.15,1,0,0,0,0,0.9742155471052014,0.025784452894798627
9442-JTWDL,92249,32.730583,-115.501083,0,0,0,0,11,1,0,0,0,0,0,0,0,0,20.05,237.7,1,0,1,0,0,0.8412000700896626,0.15879992991033753
3067-SVMTC,92251,32.858595,-115.662709,0,0,1,0,68,1,0,1,0,0,1,0,0,0,55.9,3848.8,1,0,0,0,0,0.9407601670193803,0.05923983298061957
5495-GPSRW,92252,34.167236,-116.281511,1,0,0,0,20,1,0,0,0,0,0,0,0,1,19.7,419.4,0,1,0,0,1,0.963022349113829,0.036977650886170964
7606-BPHHN,92253,33.695532,-116.310571,1,0,0,0,72,1,0,0,0,0,0,0,0,1,19.8,1468.75,0,1,1,0,0,0.9953297192702355,0.0046702807297646564
4742-DRORA,92254,33.543835,-115.993906,1,0,1,0,60,1,1,1,0,1,0,1,0,1,95.4,5812.0,1,0,0,0,0,0.8273300291058399,0.1726699708941602
0111-KLBQG,92256,34.097863,-116.594561,1,1,1,1,32,1,0,0,1,0,0,1,1,1,93.95,2861.45,0,0,0,0,1,0.9191110874229732,0.08088891257702686
4163-NCJAK,92260,33.694501,-116.412711,0,0,1,0,46,1,1,0,0,0,0,0,0,1,24.45,1066.15,1,0,0,0,0,0.9199867036225154,0.08001329637748446
5233-AOZUF,92262,33.839989,-116.659215,0,0,1,0,29,1,1,0,0,0,0,0,0,1,74.95,2149.05,0,0,0,1,0,0.24970702722457447,0.7502929727754261
5973-EJGDP,92264,33.745746,-116.514215,1,0,0,0,51,1,1,0,1,1,1,0,0,1,87.35,4473.0,0,0,0,1,0,0.34581292480050435,0.6541870751994959
1996-DBMUS,92266,33.3249,-114.758334,0,1,1,0,48,1,0,0,0,0,0,0,0,1,70.65,3545.05,0,0,0,0,0,0.4632558630118948,0.5367441369881051
7916-VCCPB,92267,34.273872,-114.192901,0,0,1,1,16,1,0,0,1,0,0,0,0,0,73.25,1195.75,0,0,0,0,0,0.8312587749444134,0.1687412250555868
4686-GEFRM,92268,34.201108,-116.593456,1,0,1,0,70,1,1,0,1,1,1,0,1,1,98.7,6858.9,0,1,0,0,0,0.7897214106258629,0.21027858937413707
5249-QYHEX,92270,33.763678,-116.429928,0,0,1,1,40,1,1,0,0,0,0,0,0,1,24.8,1024.7,0,1,0,0,1,0.9842354955335165,0.015764504466483722
2233-FAGXV,92275,33.28156,-115.955541,0,0,1,1,5,1,1,0,0,0,0,0,0,1,24.3,132.25,0,0,0,0,1,0.6636117107888866,0.3363882892111134
5605-IYGFG,92276,33.849263,-116.382778,0,0,0,0,7,1,0,0,0,0,0,0,0,1,69.85,515.45,0,0,0,0,0,0.334849522801401,0.6651504771985993
7663-ZTEGJ,92277,34.17211,-115.769773,1,0,0,0,29,1,1,0,1,1,1,0,1,0,100.55,2830.45,1,0,1,0,0,0.6041643907649666,0.39583560923503297
3935-TBRZZ,92278,34.457829,-116.139589,1,0,1,0,44,1,1,0,0,0,0,0,0,0,25.7,1110.5,1,0,0,0,1,0.9023828302216924,0.09761716977830737
8111-BKVDS,92280,34.264124,-114.717964,0,0,0,0,10,0,0,1,1,1,0,0,0,0,40.7,449.3,0,0,0,0,0,0.5548761536482556,0.4451238463517444
2055-SIFSS,92281,33.03679,-115.60503,0,1,1,0,55,1,1,0,0,0,0,0,0,0,51.65,2838.55,0,0,0,0,0,0.69218866300332,0.30781133699667995
2806-MLNTI,92282,33.972293,-116.654195,1,1,1,0,52,1,1,0,1,1,0,1,1,1,105.1,5376.4,1,0,0,0,0,0.5267422107199317,0.4732577892800683
8734-DKSTZ,92283,32.852947,-114.850784,0,0,1,1,10,1,1,0,0,0,0,0,1,0,85.95,858.6,0,0,0,1,0,0.660347419806062,0.3396525801939381
4360-PNRQB,92284,34.159534,-116.425984,1,0,0,0,18,1,1,0,0,0,0,0,0,1,75.6,1395.05,0,0,0,0,0,0.39973454233688327,0.6002654576631169
6152-ONASV,92285,34.341737,-116.539416,0,0,1,0,68,1,1,1,0,0,1,0,0,0,58.25,3975.7,1,0,0,0,0,0.9423289581545928,0.05767104184540717
7781-HVGMK,92304,34.559882,-115.637164,0,0,1,0,72,0,0,1,1,1,1,1,1,1,65.2,4784.45,0,1,1,0,0,0.9165551373667102,0.08344486263329007
2181-UAESM,92305,34.1678,-116.86433,1,0,0,0,2,1,0,1,0,1,0,0,0,0,53.45,119.5,0,0,0,1,0,0.3611334196244076,0.6388665803755925
6048-NJXHX,92308,34.424926,-117.184503,1,0,1,0,41,1,0,0,0,0,0,0,0,1,19.75,899.45,0,1,0,1,0,0.8041324775019603,0.19586752249803963
2320-SLKMB,92309,35.28952,-116.092214,0,0,0,0,26,0,0,0,0,1,1,1,0,1,44.45,1183.8,0,0,1,0,0,0.5816114598086933,0.41838854019130656
4980-URKXC,92310,35.349241,-116.770281,1,0,1,0,36,1,0,0,0,0,0,0,0,0,20.85,720.05,1,0,0,0,0,0.9564753535437437,0.043524646456256325
4376-KFVRS,92311,34.965648,-117.001509,1,0,1,0,72,1,1,1,1,1,1,1,1,1,114.05,8468.2,0,1,1,0,0,0.9569795009383487,0.043020499061651195
5886-VLQVU,92313,34.029175,-117.307211,1,0,1,0,35,1,1,0,0,0,1,0,1,1,89.85,3161.2,0,0,0,0,0,0.360133104725792,0.6398668952742081
3577-AMVUX,92314,34.278967,-116.773825,1,0,0,0,1,1,0,0,0,1,1,0,0,0,55.05,55.05,0,0,0,0,1,0.38977340010112127,0.6102265998988788
0771-WLCLA,92315,34.242058,-116.89802,0,0,1,1,16,1,1,1,0,1,1,1,1,1,112.95,1882.55,0,0,0,1,0,0.7423898779125221,0.2576101220874778
5628-RKIFK,92316,34.059722,-117.39104,0,1,0,0,49,1,1,1,0,0,0,1,1,0,101.55,5070.4,0,0,1,0,0,0.5081736383195508,0.4918263616804493
0206-TBWLC,92320,33.982787,-117.057627,0,0,1,0,54,1,1,1,1,1,1,1,1,1,114.65,6049.5,1,0,0,0,1,0.5493498916765911,0.4506501083234087
2937-FTHUR,92321,34.255203,-117.175654,0,0,0,1,18,1,1,1,0,0,0,0,1,0,64.8,1166.7,0,0,0,1,0,0.6876228419267306,0.31237715807326916
1910-FMXJM,92324,34.030915,-117.273201,0,0,1,0,36,1,0,0,0,0,0,0,1,0,80.4,2937.65,0,0,0,1,0,0.3644069371534961,0.6355930628465042
0732-OCQOC,92328,36.27688,-117.033326,0,0,1,0,52,1,1,0,0,0,0,0,0,1,25.05,1270.25,0,1,0,0,0,0.9479679325079029,0.05203206749209712
5168-MSWXT,92332,34.9436,-115.287901,1,0,1,1,8,1,0,0,0,1,0,1,1,1,94.75,759.55,0,0,0,1,0,0.7593748677794687,0.24062513222053147
1090-ESELR,92333,34.274846,-116.937581,1,0,1,0,72,1,0,1,1,0,1,1,1,0,105.5,7611.55,0,1,0,0,0,0.8745582218576853,0.125441778142315
8592-PLTMQ,92335,34.087558,-117.464096,0,0,0,0,64,1,1,0,0,0,0,0,0,0,24.7,1642.75,1,0,0,0,1,0.9526145710777147,0.047385428922285165
5760-WRAHC,92336,34.136367,-117.460803,0,1,0,0,22,1,0,1,0,1,1,0,1,1,69.75,1545.4,0,0,0,0,1,0.7678580352423049,0.23214196475769508
8847-GEOOQ,92337,34.049671,-117.468896,1,0,1,0,60,0,0,0,1,1,1,1,1,1,60.2,3582.4,0,0,0,0,0,0.7578023009052334,0.24219769909476685
4785-FCIFB,92339,34.067699,-116.903891,0,0,1,0,61,1,1,0,0,0,0,0,0,0,24.4,1417.9,0,1,0,0,1,0.9705006895334304,0.02949931046656946
8313-NDOIA,92341,34.244411,-117.072654,0,0,0,0,24,1,1,0,1,1,0,1,1,1,104.15,2494.65,0,0,0,1,0,0.18040897938550415,0.8195910206144963
5149-CUZUJ,92342,34.757783,-117.33997,1,0,1,0,28,1,0,0,1,1,1,1,0,0,92.9,2768.35,1,0,0,0,0,0.7711209347498005,0.22887906525019971
0942-KOWSM,92345,34.361387,-117.337509,0,0,1,0,30,1,0,0,1,1,1,1,1,0,80.8,2369.3,0,1,0,0,0,0.9580583696960794,0.04194163030392076
4237-CLSMM,92346,34.129677,-117.154277,1,0,1,0,2,1,0,0,0,0,0,0,0,0,20.0,38.0,0,0,0,0,1,0.7266048171499918,0.27339518285000847
1452-VOQCH,92347,34.983808,-117.239306,1,0,0,0,1,1,1,0,0,0,0,0,0,1,75.1,75.1,0,0,0,1,0,0.08219933019123178,0.9178006698087683
4719-UMSIY,92352,34.2565,-117.19335,1,0,0,1,6,1,0,0,0,0,0,0,0,0,19.65,100.9,0,0,0,0,1,0.8564262973747163,0.1435737026252834
6614-VBEGU,92354,34.049315,-117.255974,0,0,1,0,24,1,0,0,1,0,0,1,1,1,69.45,1614.05,0,0,0,0,0,0.5799336117980047,0.42006638820199527
1480-BKXGA,92359,34.103578,-117.04054,1,1,1,0,72,1,1,1,1,1,1,1,1,1,116.05,8404.9,0,1,0,0,0,0.9632709517514109,0.03672904824858903
2996-XAUVF,92363,34.711224,-114.702256,1,0,0,0,70,0,0,0,0,0,1,0,1,1,40.05,2799.75,0,1,0,0,1,0.9424403989932348,0.05755960100676507
9076-AXYIK,92364,35.478736,-115.516984,1,1,1,0,64,1,1,0,0,1,1,1,1,0,102.1,6538.45,0,1,0,1,0,0.7913868031188771,0.20861319688112256
5968-XQIVE,92365,34.89326,-116.505958,1,0,1,0,72,1,1,0,1,0,0,1,0,1,89.7,6588.95,1,0,0,1,0,0.6435518034987665,0.35644819650123366
8896-RAZCR,92368,34.647959,-117.296957,0,0,0,0,44,1,0,0,0,0,0,0,0,0,19.9,868.1,0,1,0,0,1,0.9791702154473128,0.02082978455268722
4933-IKULF,92372,34.459322,-117.629729,0,1,0,0,17,1,0,0,0,0,0,0,0,0,20.65,330.6,1,0,0,0,1,0.9382101055753155,0.06178989442468451
1304-BCCFO,92374,34.064073,-117.166158,1,0,1,0,9,1,0,0,0,1,0,1,1,1,70.05,564.4,0,0,0,0,1,0.32187572433044737,0.6781242756695527
4104-PVRPS,92376,34.109775,-117.378904,1,0,1,0,24,1,0,1,0,0,1,0,0,0,53.6,1315.35,0,0,0,0,1,0.7632008105280067,0.23679918947199352
3780-DDGSE,92384,35.924252,-116.188668,1,1,1,1,35,1,0,0,1,0,1,1,1,1,76.05,2747.2,0,0,0,1,0,0.9170733002746304,0.08292669972536951
4431-EDMIQ,92386,34.243088,-116.830015,0,0,1,1,7,1,0,1,1,1,1,1,0,1,75.7,554.05,0,0,0,1,0,0.7228061375070974,0.2771938624929027
0486-LGCCH,92394,34.567058,-117.362329,1,0,1,1,11,1,0,0,0,0,0,0,0,0,19.65,225.75,0,1,0,0,1,0.9863917805097848,0.013608219490215082
4612-SSVHJ,92398,35.013299,-116.834092,0,1,0,0,20,1,0,0,0,0,0,0,1,1,81.45,1671.6,0,0,0,1,0,0.25154274776736313,0.7484572522326371
5168-MQQCA,92399,34.04597,-117.011825,0,0,1,0,72,1,1,0,1,1,1,1,1,1,108.5,8003.8,1,0,0,0,0,0.6912664087254263,0.3087335912745735
7971-HLVXI,92404,34.183286,-117.221722,1,0,1,1,72,1,1,0,0,0,0,0,1,1,84.5,6130.85,0,1,1,0,0,0.9563079494882687,0.04369205051173137
9094-AZPHK,92405,34.142747,-117.300864,0,0,0,0,15,1,1,0,1,0,0,1,1,1,100.15,1415.0,0,0,0,1,0,0.158598051261919,0.8414019487380813
3649-JPUGY,92407,34.250069,-117.393949,1,0,0,0,72,1,1,0,1,1,1,1,1,1,88.6,6201.95,0,1,0,0,0,0.9806738273480964,0.019326172651903683
4472-LVYGI,92408,34.084909,-117.258107,0,0,1,0,0,0,0,1,0,1,1,1,0,1,52.55,0.0,0,1,0,0,0,0.8492753488631556,0.15072465113684466
3552-CTCYF,92411,34.122501,-117.320138,1,0,1,1,63,1,1,0,1,1,0,1,1,1,104.8,6597.25,0,1,0,0,0,0.9660681070660039,0.03393189293399613
6778-YSNIH,92501,33.994676,-117.372498,0,0,0,0,2,1,0,0,1,0,0,1,0,1,59.0,114.15,0,0,0,1,0,0.37055443006018735,0.629445569939813
5756-OZRIO,92504,33.9108,-117.398153,1,1,1,0,61,1,1,0,1,0,0,0,1,0,64.05,3902.6,1,0,0,0,0,0.8054088449791462,0.19459115502085386
6579-JPICP,92505,33.920907,-117.489426,1,0,0,0,1,1,0,0,0,0,0,0,0,0,20.4,20.4,0,0,0,0,1,0.5643443457864984,0.4356556542135013
4134-BSXLX,92507,33.976328,-117.319786,1,0,1,0,28,1,0,1,1,0,1,0,0,0,60.9,1785.65,0,0,0,0,1,0.7578782015422931,0.24212179845770707
0505-SPOOW,92508,33.885499,-117.324959,0,0,1,0,70,1,0,0,0,0,0,0,0,0,19.8,1397.65,0,1,0,0,0,0.9904389418639231,0.00956105813607696
4374-YMUSQ,92530,33.655421,-117.391751,1,0,0,0,34,1,1,1,1,1,1,1,1,0,116.25,3899.05,1,0,1,0,0,0.5353480447932337,0.4646519552067663
4513-CXYIX,92532,33.705836,-117.318204,0,1,1,0,71,1,1,1,0,0,0,0,0,1,80.7,5676.0,0,1,1,0,0,0.9476247571932237,0.052375242806776086
3957-HHLMR,92536,33.482243,-116.827173,0,0,1,0,70,1,1,1,0,0,0,0,1,0,65.2,4543.15,1,0,0,0,0,0.7707586302167934,0.22924136978320658
7803-XOCCZ,92539,33.527605,-116.666551,0,0,1,1,52,1,0,1,0,1,1,0,0,1,84.05,4326.8,0,0,0,0,0,0.9427877033151826,0.05721229668481762
5736-YEJAX,92543,33.739415,-116.968339,1,0,0,0,69,1,1,1,1,1,1,1,0,1,79.45,5502.55,0,1,1,0,0,0.9506354605679674,0.049364539432032783
8981-FJGLA,92545,33.734933,-117.044145,1,0,0,1,11,1,1,0,0,1,0,0,0,1,78.0,851.8,0,0,0,0,1,0.7751731235515238,0.2248268764484758
1135-LMECX,92551,33.88274,-117.224878,0,0,0,0,1,1,0,0,0,0,0,0,0,0,19.85,19.85,0,0,0,0,1,0.5831602275552215,0.41683977244477843
4332-MUOEZ,92553,33.923149,-117.244933,1,1,1,0,20,1,0,1,0,1,1,0,1,0,94.3,1818.3,1,0,1,0,0,0.6818841290480775,0.3181158709519225
8535-SFUTN,92555,33.907361,-117.109972,1,0,0,0,61,1,1,1,0,1,0,1,1,1,106.45,6300.15,0,0,0,1,0,0.5145082215772426,0.48549177842275754
8677-HDZEE,92561,33.638645,-116.55783,0,0,0,0,56,1,1,0,1,0,1,1,1,1,105.45,5916.95,0,0,0,0,0,0.5494059544508119,0.4505940455491882
2475-MROZF,92562,33.548869,-117.334165,1,0,0,0,30,1,1,1,1,1,1,0,0,1,95.0,2852.4,0,0,1,0,0,0.5225370966283356,0.47746290337166436
3482-ABPKK,92567,33.82769,-117.102244,0,0,0,0,28,1,0,1,0,0,1,0,0,0,54.3,1546.3,1,0,0,0,1,0.9310142280750128,0.0689857719249873
6705-LXORM,92570,33.787298,-117.320676,0,1,1,0,5,1,0,0,0,0,0,0,0,0,70.05,302.6,0,0,0,1,0,0.2137680205822315,0.7862319794177687
7531-GQHME,92582,33.806708,-117.02007,1,0,0,0,12,1,0,0,0,0,0,0,0,0,20.05,265.45,0,0,1,0,0,0.7425188999914936,0.2574811000085066
5174-ITUMV,92583,33.796568,-116.924723,1,0,1,1,67,1,1,0,1,1,0,1,1,1,105.4,6989.45,1,0,0,1,0,0.9619768864289685,0.038023113571031476
4109-CYRBD,92584,33.653338,-117.178271,1,1,1,0,29,1,1,0,0,0,0,0,0,1,51.6,1442.0,0,0,0,1,0,0.6906704507717595,0.30932954922824074
0913-XWSCN,92585,33.739412,-117.173334,1,0,1,1,55,1,1,0,0,0,0,0,1,0,85.5,4713.4,0,0,0,0,0,0.921832646133135,0.0781673538668651
0750-EBAIU,92590,33.475493,-117.219551,1,0,0,0,52,1,0,1,0,1,0,1,0,0,91.25,4738.3,1,0,0,1,0,0.7402847260956346,0.25971527390436544
8606-CIQUL,92591,33.540604,-117.10909,1,1,1,1,72,1,1,1,1,1,1,1,1,1,115.75,8399.15,0,1,1,0,0,0.9772906410637178,0.022709358936282165
3571-DPYUH,92592,33.507255,-117.029473,1,0,1,1,58,1,1,0,1,0,1,1,0,1,94.7,5430.35,1,0,1,0,0,0.9915219968016659,0.008478003198334255
7601-GNDYK,92595,33.617108,-117.253349,1,0,1,1,35,1,0,0,0,0,0,0,0,0,19.6,686.95,0,1,0,0,1,0.9908774779176455,0.009122522082354654
0356-OBMAC,92596,33.657433,-117.04254,0,1,0,0,56,1,1,0,1,1,1,1,0,1,99.9,5706.3,0,1,0,0,0,0.6979994971580463,0.3020005028419537
8067-NIOYM,92602,33.720359,-117.733655,0,0,1,1,24,1,0,0,0,0,0,0,0,1,21.1,490.65,0,1,1,0,0,0.9925217348898014,0.00747826511019849
1403-GYAFU,92604,33.688546,-117.788091,1,0,1,1,70,1,0,0,0,0,0,0,0,0,20.05,1360.25,0,1,1,0,0,0.9998012876331579,0.00019871236684217825
4234-XTNEA,92606,33.703976,-117.824172,1,0,0,0,2,1,0,0,0,0,0,1,0,1,79.95,174.45,0,0,0,1,0,0.10719107622463579,0.8928089237753641
1297-VQDRP,92610,33.698728,-117.67768,1,1,1,1,68,1,1,0,0,1,1,1,1,1,107.15,7379.8,1,0,1,0,0,0.9790696949292698,0.020930305070730296
5348-CAGXB,92614,33.680302,-117.833296,1,0,0,0,12,1,1,0,0,1,0,1,0,1,89.55,1021.75,0,0,0,1,0,0.1992739914582377,0.8007260085417623
0621-HJWXJ,92618,33.667145,-117.732135,0,0,1,0,63,1,1,0,1,0,0,0,0,1,81.55,5029.05,0,0,0,0,0,0.531899087324719,0.4681009126752807
5844-QVTAT,92620,33.716136,-117.752574,0,0,1,0,33,1,0,1,1,1,0,0,0,1,58.45,1955.4,1,0,0,0,1,0.8043997258955448,0.19560027410445552
8905-IAZPF,92624,33.458754,-117.665104,0,0,1,0,69,1,0,0,1,0,0,1,1,1,95.65,6744.2,1,0,1,0,0,0.6581400443687967,0.3418599556312032
5394-MEITZ,92625,33.600987,-117.862734,0,0,1,0,60,1,0,0,1,1,1,1,1,1,80.6,4946.7,0,1,0,0,0,0.9745912521569826,0.025408747843017644
6859-QNXIQ,92626,33.678591,-117.905471,0,0,1,1,72,1,1,1,1,1,1,1,1,1,113.1,8248.5,0,1,0,0,0,0.9891945533954722,0.01080544660452764
2782-LFZVW,92627,33.645672,-117.922613,0,0,0,0,11,1,1,0,0,0,0,0,1,1,58.95,601.6,0,0,0,0,1,0.5681536560256638,0.43184634397433636
2866-IKBTM,92629,33.477923,-117.705314,0,0,0,0,1,1,0,0,0,0,0,0,0,0,19.55,19.55,0,0,0,0,1,0.6205149657181717,0.3794850342818284
7129-AZJDE,92647,33.723579,-118.005441,1,0,1,1,34,1,0,0,0,0,0,0,1,1,78.95,2647.2,1,0,0,0,0,0.9678405545980862,0.03215944540191407
2560-PPCHE,92649,33.721917,-118.043237,0,0,0,0,65,1,1,0,1,0,1,1,1,1,105.05,6744.25,1,0,0,0,0,0.6105740660736322,0.3894259339263678
4676-MQUEA,92651,33.570023,-117.773669,1,1,1,0,50,1,1,1,1,1,0,1,0,1,101.9,5265.5,1,0,0,0,0,0.7259437668676996,0.27405623313230054
8138-EALND,92653,33.606899,-117.717854,1,0,0,0,15,1,0,0,0,0,0,0,0,0,19.75,311.6,0,0,0,0,1,0.7682886253210228,0.23171137467897726
3580-HYCSP,92655,33.744439,-117.98588,1,0,1,1,72,1,1,1,1,1,0,1,1,1,110.3,7966.9,0,1,0,0,0,0.9900618422100212,0.009938157789978674
1352-HNSAW,92656,33.571259,-117.731917,0,0,1,1,72,1,1,1,1,1,1,1,1,1,115.6,8220.4,0,1,0,0,0,0.9946881379093045,0.0053118620906954074
2075-PUEPR,92657,33.603282,-117.821841,1,0,1,1,55,1,0,0,0,0,0,0,0,0,19.35,1153.25,0,1,0,0,0,0.9819619854555777,0.01803801454442246
1982-FEBTD,92660,33.634626,-117.874882,0,0,1,1,23,1,1,0,0,0,0,0,0,1,25.6,514.75,0,1,1,0,0,0.9899945001606446,0.010005499839355425
5791-KAJFD,92662,33.606336,-117.893042,0,0,1,0,56,1,1,1,0,1,0,0,1,1,68.75,3808.0,1,0,0,0,0,0.7006687275017275,0.2993312724982725
2654-VBVPB,92663,33.62251,-117.927024,0,0,0,0,1,1,0,0,0,0,0,0,0,0,19.9,19.9,0,0,0,0,0,0.6263718105940296,0.37362818940597003
1154-HYWWO,92672,33.429488,-117.609432,1,0,0,0,38,1,0,1,1,0,1,1,0,0,70.6,2708.2,1,0,0,0,1,0.7973643779677413,0.20263562203225877
2501-XWWTZ,92673,33.4725,-117.584273,1,0,0,0,11,1,0,0,0,0,0,0,0,0,70.2,760.05,0,0,0,1,0,0.40591610484274004,0.59408389515726
3716-UVSPD,92675,33.521447,-117.602555,1,0,0,0,1,1,0,0,0,0,1,0,0,1,49.3,49.3,0,0,0,1,0,0.3562995090916189,0.6437004909083812
6815-ABQFQ,92676,33.782346,-117.635263,1,0,1,0,56,1,1,0,1,0,1,1,1,1,107.25,6033.3,1,0,0,1,0,0.4214596038521766,0.5785403961478233
7343-EOBEU,92677,33.529047,-117.701175,1,0,1,0,3,1,1,0,0,0,0,0,0,1,23.6,89.05,0,0,0,0,1,0.5369647231095748,0.46303527689042556
3701-SFMUH,92679,33.631119,-117.567346,1,0,1,1,7,1,0,1,0,0,0,1,1,0,69.7,516.15,0,0,1,0,0,0.7578272918174308,0.24217270818256917
6103-LIANB,92683,33.752591,-117.993661,1,0,1,1,59,1,1,0,0,1,0,1,1,1,99.5,5861.75,0,1,1,0,0,0.9395775028385518,0.060422497161448166
7319-VENRZ,92688,33.624654,-117.611733,1,0,0,0,7,1,0,0,0,1,1,1,0,0,64.3,445.95,0,0,0,0,0,0.561752982737668,0.4382470172623322
5846-NEQVZ,92691,33.611945,-117.665867,1,0,1,0,71,1,0,1,0,1,1,0,1,1,70.85,4973.4,0,1,1,0,0,0.9849852127450047,0.015014787254995752
6967-QIQRV,92692,33.60693,-117.644253,1,0,1,1,15,1,0,1,0,0,1,1,1,0,101.9,1667.25,1,0,0,1,0,0.8468064297902052,0.15319357020979493
5781-RFZRP,92694,33.569186,-117.640055,1,0,1,0,71,1,1,1,1,0,1,1,0,0,73.5,5357.75,0,1,1,0,0,0.9695739237529467,0.030426076247053593
0308-IVGOK,92703,33.748635,-117.906125,0,0,0,0,11,0,0,0,1,1,1,0,0,1,40.4,422.6,1,0,1,0,0,0.7683307848061379,0.23166921519386205
7293-LSCDV,92704,33.719869,-117.907063,0,0,1,1,60,1,0,0,0,0,0,0,0,1,19.25,1103.25,0,1,1,0,0,0.9798284584282149,0.020171541571785002
7025-WCBNE,92705,33.766004,-117.786763,1,1,0,0,47,1,1,0,1,0,1,0,0,0,59.6,2754.0,0,1,0,0,0,0.9401860965347669,0.05981390346523299
5756-JYOJT,92706,33.765893,-117.881533,0,0,0,0,11,1,0,0,0,1,1,0,1,0,64.9,697.25,1,0,1,0,0,0.7015882930927861,0.2984117069072137
6030-REHUX,92708,33.712036,-117.950113,0,1,1,0,28,1,1,0,1,1,1,1,1,1,110.85,3204.4,0,0,0,1,0,0.307779671053299,0.692220328946701
9548-LIGTA,92780,33.735802,-117.818805,1,0,1,0,61,1,0,1,1,0,1,1,1,1,81.05,4747.65,0,1,0,0,1,0.9611400266182507,0.038859973381749416
5150-LJNSR,92782,33.738543,-117.785046,1,0,1,1,31,1,1,1,0,1,0,1,0,0,98.05,3082.1,1,0,0,0,0,0.9751324322450087,0.02486756775499136
8270-RKSAP,92801,33.844983,-117.952151,1,0,0,0,9,1,0,0,0,0,0,0,0,1,70.5,597.9,0,0,0,1,0,0.3089990353960288,0.6910009646039712
6522-YRBXD,92802,33.807864,-117.923782,1,1,1,0,35,1,1,1,1,0,0,0,1,1,94.55,3365.4,0,0,0,1,0,0.252854389439126,0.7471456105608745
2640-LYMOV,92804,33.818,-117.974404,1,0,0,0,2,1,0,0,0,0,0,0,0,1,19.65,38.8,0,0,0,0,1,0.5997155975486111,0.4002844024513887
1423-BMPBQ,92808,33.850452,-117.726668,0,0,1,1,1,1,0,0,0,0,0,0,0,1,19.0,19.0,0,0,0,0,1,0.6181627844379097,0.38183721556209016
2393-DIVAI,92821,33.930199,-117.862898,0,0,0,0,3,1,0,0,0,0,0,0,0,1,20.0,61.7,0,0,0,0,1,0.6361942694738107,0.3638057305261892
4568-KNYWR,92831,33.879983,-117.895482,1,0,0,0,52,1,0,1,1,0,0,1,0,1,63.25,3342.45,0,1,1,0,0,0.9626297851523062,0.03737021484769358
8752-IMQOS,92832,33.868316,-117.929029,1,0,1,0,5,1,0,0,0,0,0,0,0,0,20.1,85.1,1,0,0,0,1,0.802524519461133,0.19747548053886713
0742-LAFQK,92833,33.877639,-117.961212,1,0,1,0,72,1,1,1,1,1,0,0,1,1,99.15,7422.1,0,1,0,1,0,0.9000501242225621,0.09994987577743808
0795-LAFGP,92835,33.902211,-117.914922,1,0,1,0,71,1,1,1,1,1,1,1,1,0,90.4,6668.05,0,1,0,1,0,0.9111872528945147,0.08881274710548516
0619-OLYUR,92840,33.787165,-117.931889,1,0,1,0,72,1,1,1,0,1,1,1,1,1,111.9,8071.05,0,1,1,0,0,0.9807779328947837,0.019222067105216414
5512-IDZEI,92841,33.786738,-117.982564,1,0,1,0,46,1,1,0,0,0,0,0,0,0,24.9,1174.8,1,0,0,1,0,0.8657954394555218,0.13420456054447802
0459-SPZHJ,92843,33.764018,-117.931507,1,0,1,0,63,1,1,1,1,1,0,1,1,0,83.5,5435.0,0,1,1,0,0,0.9843411710589939,0.015658828941006158
0215-BQKGS,92844,33.766476,-117.969795,1,0,0,0,30,1,0,1,1,1,0,0,0,1,84.3,2438.6,0,0,1,0,0,0.40194638941345107,0.5980536105865492
9244-ZVAPM,92845,33.782955,-118.026456,1,0,0,0,1,1,0,0,0,0,0,0,0,0,45.6,45.6,0,0,0,0,1,0.41045076233828703,0.5895492376617131
8208-EUMTE,92861,33.817473,-117.810462,1,0,0,0,16,0,0,1,1,1,1,1,0,0,54.85,916.15,0,1,0,0,1,0.9457824763674548,0.054217523632545256
5172-MIGPM,92865,33.828779,-117.848299,1,0,0,0,4,1,1,0,0,0,1,0,1,0,65.55,237.2,0,0,0,0,1,0.5502334916524872,0.4497665083475129
1710-RCXUS,92866,33.784597,-117.844535,1,0,1,0,51,1,1,0,1,0,0,0,1,1,90.35,4614.55,1,0,1,0,0,0.6119441978097188,0.38805580219028124
0374-FIUCA,92867,33.81859,-117.821288,1,0,1,0,65,1,0,0,0,0,0,0,0,1,20.4,1414.45,0,1,1,0,0,0.9895935285981445,0.010406471401855537
5839-SUYVZ,92868,33.787796,-117.875928,1,0,0,0,16,1,0,0,0,0,1,0,0,1,74.55,1170.5,0,0,1,0,0,0.47976994017245256,0.5202300598275476
5173-ZXXXL,92869,33.792791,-117.789749,1,0,0,0,2,1,0,0,0,0,0,0,0,0,19.95,47.7,1,0,0,0,1,0.7778940126856037,0.22210598731439649
1096-ADRUX,92870,33.881158,-117.854783,0,0,1,1,66,1,1,0,0,0,0,0,0,1,74.25,4859.25,1,0,0,0,0,0.97359299778312,0.02640700221688
2001-MCUUW,92879,33.893823,-117.531446,1,0,0,0,46,1,1,0,1,1,1,1,1,0,108.65,4903.2,0,1,0,1,0,0.6874298945728617,0.312570105427138
2731-GJRDG,92880,33.918043,-117.617809,0,0,0,0,32,1,1,1,0,1,1,1,1,1,109.55,3608.0,1,0,0,0,0,0.5391397948445308,0.4608602051554691
4723-BEGSG,92881,33.833686,-117.513063,1,0,1,0,72,1,1,1,0,1,1,1,1,0,86.65,6094.25,0,1,1,0,0,0.9979729004766169,0.0020270995233832158
6516-NKQBO,92882,33.819385,-117.600213,1,0,1,0,38,1,0,1,0,1,1,1,1,0,81.0,3084.9,0,1,1,0,0,0.969365287774675,0.03063471222532516
8672-OAUPW,92883,33.762351,-117.488725,1,0,0,0,51,1,0,0,0,0,1,0,0,0,47.85,2356.75,1,0,1,0,0,0.8838525355362101,0.11614746446378976
8207-DMRVL,92886,33.897253,-117.792202,1,0,1,1,72,1,1,1,1,1,1,1,1,0,114.55,8306.05,0,1,0,0,0,0.9985122652253295,0.0014877347746705472
2804-ETQDK,93004,34.278697,-119.167798,1,0,0,1,66,1,0,0,0,0,0,0,0,0,20.55,1357.1,0,1,0,0,1,1.0,0.0
6689-VRRTK,93010,34.227846,-119.079903,0,1,0,0,44,1,1,1,1,1,0,1,1,1,109.8,4860.35,1,0,1,0,0,0.49041023892218705,0.509589761077813
7138-GIRSH,93012,34.205504,-118.993111,1,0,0,0,50,1,1,0,0,1,1,0,1,0,69.5,3418.2,0,1,0,0,0,0.9733106735655461,0.02668932643445389
9396-ZSFLL,93013,34.441398,-119.513163,0,0,0,0,15,1,1,0,0,0,0,0,0,0,48.85,631.4,0,0,0,0,1,0.6152966103476504,0.3847033896523498
6464-KEXXH,93015,34.408161,-118.865111,1,0,0,0,8,0,0,0,0,0,0,0,0,1,25.25,186.3,0,0,1,0,0,0.6124360252707642,0.3875639747292358
7134-MJPDY,93021,34.312945,-118.858169,0,1,0,0,66,1,1,0,0,1,1,1,1,1,102.85,6976.75,1,0,1,0,0,0.5620340648630754,0.43796593513692444
5240-CAOYT,93022,34.404544,-119.302118,0,0,0,0,57,1,1,1,1,0,1,0,0,1,87.55,4884.85,0,0,0,0,0,0.7123610701484915,0.2876389298515081
4059-IIEBK,93023,34.581308,-118.931948,0,0,0,0,7,1,1,0,1,0,0,0,0,1,78.55,522.95,0,0,0,0,0,0.1706105203660038,0.829389479633997
4881-JVQOD,93030,34.223244,-119.18012,1,1,1,1,10,0,0,0,0,0,0,0,1,1,34.55,362.6,0,0,0,0,0,0.7716194845803745,0.22838051541962565
0516-UXRMT,93033,34.156629,-119.117218,0,0,0,0,62,1,1,1,1,1,0,0,0,1,92.05,5755.8,1,0,0,1,0,0.7375549663540787,0.26244503364592137
4851-BQDNX,93035,34.18454,-119.224666,1,0,1,1,40,1,0,0,0,1,0,1,0,1,85.05,3355.65,1,0,0,1,0,0.95372897368299,0.04627102631701005
5148-HKFIR,93040,34.432843,-118.730106,0,0,0,0,20,1,0,0,0,0,0,0,0,0,19.7,406.95,0,1,0,0,1,0.9752664476680174,0.024733552331982822
3003-CMDUU,93060,34.402343,-119.094824,0,0,1,0,25,1,0,0,0,0,1,1,1,1,95.15,2395.7,0,0,0,1,0,0.2427798277993991,0.7572201722006011
5016-IBERQ,93063,34.296813,-118.685703,1,0,1,0,23,1,1,0,1,1,0,0,0,0,84.25,1968.1,0,0,0,1,0,0.2788144003076163,0.7211855996923836
6797-UCJHZ,93065,34.269449,-118.768471,0,1,1,0,66,1,1,0,1,1,0,1,1,0,104.6,6819.45,1,0,1,0,0,0.5690404480092236,0.4309595519907763
2469-DTSGX,93066,34.297628,-119.014627,0,1,0,0,72,1,1,0,1,1,1,1,1,0,111.65,7943.45,0,1,0,1,0,0.9066694925111625,0.0933305074888377
9931-KGHOA,93103,34.438581,-119.685368,0,0,1,0,46,1,1,1,0,0,0,0,0,0,55.0,2473.95,0,0,0,0,0,0.8001437996314325,0.1998562003685677
1775-KWJKQ,93105,34.037342,-119.80079,1,0,1,0,72,1,1,1,1,1,1,1,1,0,89.85,6562.9,0,1,1,0,0,0.9396198550712104,0.06038014492878961
7665-VIGUD,93108,34.457541,-119.631072,1,0,0,0,10,1,0,0,0,0,0,0,0,0,20.35,176.3,1,0,0,0,1,0.9275088174463668,0.0724911825536332
9411-TPQQV,93109,34.406256,-119.726936,0,0,0,0,40,0,0,1,0,0,1,1,1,1,54.55,2236.2,1,0,0,0,0,0.7872121637649611,0.21278783623503902
7954-MLBUN,93111,34.460197,-119.802602,1,0,0,0,31,1,0,0,0,1,1,1,1,0,99.45,3109.9,0,1,0,0,0,0.8507377280885454,0.14926227191145464
2077-DDHJK,93117,34.489983,-120.091246,0,0,1,0,68,1,1,1,1,1,1,0,0,0,70.9,4911.35,0,1,1,0,0,0.9415984581144614,0.05840154188553879
9574-BOSMD,93203,35.116307,-118.817644,1,0,1,1,68,1,1,0,0,0,0,0,0,0,25.4,1620.2,0,1,0,0,0,0.9890745735738418,0.01092542642615825
4908-XAXAY,93206,35.451402,-119.488413,0,1,0,0,49,1,0,0,1,1,0,0,1,1,89.85,4287.2,1,0,0,0,0,0.6462608098327142,0.3537391901672857
8404-VLQFB,93207,35.865795,-118.69759,0,0,1,1,15,1,1,0,0,0,0,0,0,1,25.25,394.85,0,0,0,1,0,0.7977988159067532,0.20220118409324633
2391-IPLOP,93212,36.04533,-119.532424,1,0,1,0,50,1,1,0,0,1,1,1,0,1,69.65,3442.15,1,0,0,1,0,0.7790850491268586,0.22091495087314109
3509-GWQGF,93218,35.846067,-119.004073,1,1,0,0,24,1,0,0,0,0,0,0,0,0,70.0,1732.6,0,0,1,0,0,0.547151510191024,0.4528484898089758
5845-BZZIB,93222,34.907911,-119.234281,1,0,1,1,35,1,0,0,0,0,0,0,0,0,20.1,655.3,0,1,0,0,1,0.9925529132308246,0.00744708676917539
1140-UKVZG,93223,36.29878,-119.201028,0,0,0,0,17,1,1,0,0,0,0,0,0,0,24.8,475.25,0,0,0,0,1,0.8055680646637668,0.19443193533623304
5183-SNMJQ,93225,34.827662,-118.999073,1,0,0,0,10,1,0,0,0,0,1,1,1,1,95.1,865.1,0,0,1,0,0,0.1475344967379976,0.8524655032620025
8100-PNJMH,93226,35.735694,-118.738483,1,0,1,0,68,1,1,1,1,1,1,1,1,1,88.85,6132.7,0,1,1,0,0,0.9633178147073838,0.036682185292616444
7838-LAZFO,93230,36.29223,-119.622676,1,0,1,0,45,1,0,1,1,1,0,1,1,0,78.8,3597.5,1,0,0,0,0,0.6487691582289571,0.3512308417710426
2085-JVGAD,93235,36.385818,-119.224243,1,0,1,0,37,1,0,0,0,0,0,0,0,0,20.35,697.65,0,0,0,0,0,0.8701404942905187,0.12985950570948135
8095-WANWK,93239,35.996923,-120.000951,0,0,0,0,10,1,0,0,0,0,0,0,0,0,45.25,428.7,0,0,0,0,1,0.6087601689012371,0.391239831098763
3030-ZKIWL,93240,35.607875,-118.466318,1,0,0,0,1,1,0,0,0,0,0,0,0,0,20.05,20.05,0,0,0,0,1,0.3844920338909208,0.6155079661090794
9565-FLVCG,93241,35.245035,-118.905553,1,0,1,0,65,1,1,1,1,0,0,0,1,1,69.55,4459.15,0,1,0,0,1,0.9782028938039906,0.02179710619600943
8755-OGKNA,93242,36.444232,-119.718285,0,0,1,1,57,1,0,0,0,0,0,0,0,0,19.5,1167.6,0,1,0,0,0,0.9919719841386149,0.008028015861385003
2800-VEQXM,93243,34.845861,-118.885163,0,0,0,0,3,1,0,0,0,1,0,0,0,1,74.75,238.1,0,0,0,0,1,0.17425824000864984,0.8257417599913502
5533-RJFTJ,93245,36.303666,-119.825657,1,0,0,0,49,0,0,0,0,1,0,0,0,1,30.2,1453.1,0,0,0,0,0,0.6776262934433277,0.3223737065566723
